date,home_team,away_team,home_score,away_score,home_possession_%,away_possession_%,home_shots_on_target,away_shots_on_target,home_shots,away_shots,home_touches,away_touches,home_passes,away_passes,home_tackles,away_tackles,home_clearances,away_clearances,home_corners,away_corners,home_offsides,away_offsides,home_yellow_cards,away_yellow_cards,home_red_cards,away_red_cards,home_fouls_conceded,away_fouls_conceded
08/09/2019,Liverpool,Norwich City,4,1,57.9,42.1,7.0,5.0,15.0,12.0,662.0,577.0,477.0,363.0,21.0,12.0,5.0,35.0,11.0,2.0,0.0,5.0,0.0,2.0,0.0,0.0,9.0,9.0
08/10/2019,AFC Bournemouth,Sheffield United,1,1,52.9,47.1,3.0,3.0,13.0,8.0,671.0,615.0,485.0,428.0,18.0,14.0,13.0,16.0,3.0,4.0,1.0,1.0,2.0,1.0,0.0,0.0,10.0,19.0
08/10/2019,Burnley,Southampton,3,0,46.5,53.5,4.0,3.0,10.0,11.0,549.0,579.0,332.0,393.0,21.0,7.0,13.0,18.0,2.0,7.0,5.0,1.0,0.0,0.0,0.0,0.0,6.0,12.0
08/10/2019,Crystal Palace,Everton,0,0,35.4,64.6,2.0,3.0,6.0,10.0,467.0,722.0,268.0,500.0,21.0,14.0,21.0,18.0,6.0,2.0,4.0,0.0,2.0,1.0,0.0,1.0,16.0,14.0
08/11/2019,Leicester City,Wolverhampton Wanderers,0,0,70.0,30.0,1.0,2.0,16.0,8.0,871.0,508.0,665.0,291.0,20.0,19.0,12.0,33.0,12.0,3.0,0.0,1.0,0.0,2.0,0.0,0.0,3.0,13.0
08/10/2019,Tottenham Hotspur,Aston Villa,3,1,70.1,29.9,7.0,4.0,31.0,7.0,792.0,461.0,587.0,256.0,17.0,29.0,6.0,39.0,14.0,0.0,1.0,0.0,1.0,0.0,0.0,0.0,13.0,9.0
08/10/2019,Watford,Brighton and Hove Albion,0,3,48.2,51.8,3.0,3.0,11.0,5.0,602.0,637.0,414.0,442.0,12.0,24.0,10.0,24.0,5.0,2.0,0.0,3.0,0.0,1.0,0.0,0.0,15.0,11.0
08/10/2019,West Ham United,Manchester City,0,5,42.9,57.1,3.0,9.0,5.0,14.0,571.0,722.0,403.0,547.0,18.0,18.0,9.0,13.0,1.0,1.0,2.0,4.0,2.0,2.0,0.0,0.0,6.0,13.0
08/11/2019,Manchester United,Chelsea,4,0,46.2,53.8,5.0,7.0,11.0,18.0,649.0,730.0,449.0,523.0,16.0,21.0,19.0,11.0,3.0,5.0,2.0,0.0,3.0,4.0,0.0,0.0,15.0,13.0
08/11/2019,Newcastle United,Arsenal,0,1,38.1,61.9,2.0,2.0,9.0,8.0,577.0,819.0,378.0,616.0,26.0,11.0,17.0,22.0,5.0,3.0,1.0,3.0,1.0,3.0,0.0,0.0,12.0,7.0
08/17/2019,Arsenal,Burnley,2,1,67.5,32.5,9.0,5.0,15.0,18.0,731.0,437.0,529.0,234.0,12.0,16.0,28.0,25.0,10.0,7.0,5.0,1.0,2.0,1.0,0.0,0.0,13.0,11.0
08/17/2019,Aston Villa,AFC Bournemouth,1,2,62.6,37.4,7.0,4.0,21.0,12.0,689.0,468.0,490.0,295.0,7.0,15.0,15.0,25.0,10.0,5.0,5.0,2.0,0.0,2.0,0.0,0.0,10.0,13.0
08/17/2019,Brighton and Hove Albion,West Ham United,1,1,57.3,42.7,4.0,3.0,16.0,8.0,717.0,587.0,497.0,377.0,20.0,22.0,16.0,14.0,8.0,6.0,2.0,4.0,0.0,2.0,0.0,0.0,11.0,10.0
08/18/2019,Chelsea,Leicester City,1,1,50.2,49.8,5.0,3.0,14.0,12.0,692.0,690.0,454.0,455.0,25.0,29.0,23.0,20.0,4.0,5.0,3.0,3.0,1.0,0.0,0.0,0.0,9.0,14.0
08/17/2019,Everton,Watford,1,0,44.1,55.9,2.0,2.0,12.0,8.0,536.0,611.0,303.0,388.0,20.0,34.0,35.0,13.0,4.0,7.0,3.0,1.0,2.0,3.0,0.0,0.0,11.0,11.0
08/17/2019,Manchester City,Tottenham Hotspur,2,2,55.4,44.6,10.0,2.0,30.0,3.0,806.0,701.0,610.0,506.0,15.0,17.0,10.0,23.0,13.0,2.0,3.0,1.0,1.0,0.0,0.0,0.0,14.0,4.0
08/17/2019,Norwich City,Newcastle United,3,1,63.3,36.7,8.0,4.0,15.0,12.0,780.0,513.0,603.0,336.0,14.0,14.0,23.0,13.0,7.0,5.0,2.0,1.0,1.0,3.0,0.0,0.0,9.0,11.0
08/18/2019,Sheffield United,Crystal Palace,1,0,0.0,0.0,0.0,0.0,0.0,0.0,0.0,0.0,0.0,0.0,0.0,0.0,0.0,0.0,0.0,0.0,0.0,0.0,0.0,0.0,0.0,0.0,0.0,0.0
08/17/2019,Southampton,Liverpool,1,2,36.2,63.8,3.0,6.0,14.0,15.0,497.0,735.0,296.0,530.0,15.0,7.0,27.0,30.0,5.0,9.0,4.0,1.0,2.0,1.0,0.0,0.0,10.0,6.0
08/19/2019,Wolverhampton Wanderers,Manchester United,1,1,34.4,65.6,2.0,2.0,6.0,9.0,520.0,845.0,350.0,668.0,17.0,23.0,14.0,15.0,4.0,6.0,1.0,1.0,2.0,2.0,0.0,0.0,17.0,8.0
08/23/2019,Aston Villa,Everton,2,0,35.2,64.8,3.0,1.0,7.0,12.0,503.0,727.0,301.0,539.0,12.0,16.0,25.0,7.0,0.0,6.0,8.0,1.0,2.0,3.0,0.0,0.0,10.0,18.0
08/25/2019,AFC Bournemouth,Manchester City,1,3,26.2,73.8,7.0,5.0,10.0,18.0,419.0,905.0,249.0,728.0,8.0,16.0,22.0,16.0,4.0,5.0,2.0,4.0,1.0,3.0,0.0,0.0,7.0,13.0
08/24/2019,Brighton and Hove Albion,Southampton,0,2,50.7,49.3,3.0,4.0,12.0,12.0,596.0,580.0,394.0,395.0,16.0,19.0,10.0,22.0,8.0,5.0,1.0,0.0,1.0,3.0,1.0,0.0,9.0,10.0
08/24/2019,Liverpool,Arsenal,3,1,52.0,48.0,5.0,3.0,25.0,9.0,747.0,738.0,553.0,516.0,25.0,16.0,11.0,27.0,6.0,4.0,1.0,4.0,1.0,1.0,0.0,0.0,8.0,5.0
08/24/2019,Manchester United,Crystal Palace,1,2,71.3,28.7,3.0,3.0,22.0,5.0,748.0,409.0,562.0,231.0,9.0,25.0,6.0,26.0,8.0,1.0,0.0,0.0,2.0,4.0,0.0,0.0,8.0,18.0
08/24/2019,Norwich City,Chelsea,2,3,46.6,53.4,5.0,8.0,6.0,23.0,682.0,766.0,481.0,543.0,16.0,26.0,29.0,9.0,1.0,8.0,0.0,0.0,1.0,1.0,0.0,0.0,9.0,9.0
08/24/2019,Sheffield United,Leicester City,1,2,49.1,50.9,2.0,2.0,7.0,10.0,616.0,668.0,421.0,452.0,16.0,13.0,15.0,38.0,7.0,4.0,1.0,5.0,1.0,0.0,0.0,0.0,11.0,6.0
08/25/2019,Tottenham Hotspur,Newcastle United,0,1,80.2,19.8,2.0,3.0,17.0,8.0,942.0,391.0,763.0,190.0,10.0,15.0,5.0,54.0,6.0,6.0,1.0,4.0,2.0,2.0,0.0,0.0,10.0,5.0
08/24/2019,Watford,West Ham United,1,3,54.9,45.1,3.0,10.0,23.0,16.0,667.0,593.0,465.0,386.0,17.0,17.0,12.0,24.0,8.0,7.0,1.0,2.0,1.0,1.0,0.0,0.0,12.0,11.0
08/25/2019,Wolverhampton Wanderers,Burnley,1,1,65.1,34.9,2.0,4.0,17.0,13.0,772.0,479.0,586.0,306.0,9.0,12.0,29.0,27.0,4.0,3.0,1.0,1.0,0.0,2.0,0.0,0.0,9.0,11.0
09/01/2019,Arsenal,Tottenham Hotspur,2,2,54.8,45.2,8.0,9.0,26.0,13.0,673.0,569.0,453.0,388.0,23.0,13.0,11.0,24.0,11.0,6.0,3.0,1.0,3.0,5.0,0.0,0.0,13.0,19.0
08/31/2019,Burnley,Liverpool,0,3,36.2,63.8,2.0,7.0,7.0,15.0,495.0,739.0,318.0,568.0,14.0,11.0,21.0,19.0,6.0,4.0,5.0,1.0,0.0,0.0,0.0,0.0,10.0,16.0
08/31/2019,Chelsea,Sheffield United,2,2,62.3,37.7,5.0,2.0,13.0,8.0,898.0,595.0,719.0,429.0,16.0,15.0,15.0,24.0,3.0,4.0,2.0,0.0,0.0,1.0,0.0,0.0,6.0,11.0
08/31/2019,Crystal Palace,Aston Villa,1,0,52.8,47.2,5.0,2.0,22.0,10.0,614.0,591.0,407.0,379.0,18.0,19.0,21.0,30.0,13.0,2.0,2.0,0.0,2.0,4.0,0.0,1.0,15.0,16.0
09/01/2019,Everton,Wolverhampton Wanderers,3,2,58.7,41.3,6.0,5.0,15.0,8.0,687.0,522.0,451.0,320.0,24.0,19.0,37.0,22.0,7.0,7.0,1.0,2.0,1.0,4.0,0.0,1.0,12.0,12.0
08/31/2019,Leicester City,AFC Bournemouth,3,1,55.0,45.0,6.0,2.0,15.0,8.0,751.0,647.0,541.0,432.0,22.0,14.0,25.0,18.0,4.0,5.0,2.0,1.0,1.0,3.0,0.0,0.0,9.0,11.0
08/31/2019,Manchester City,Brighton and Hove Albion,4,0,53.5,46.5,6.0,2.0,15.0,6.0,755.0,678.0,598.0,523.0,15.0,18.0,19.0,14.0,8.0,1.0,1.0,3.0,1.0,1.0,0.0,0.0,10.0,6.0
08/31/2019,Newcastle United,Watford,1,1,48.8,51.2,5.0,3.0,13.0,13.0,651.0,682.0,468.0,498.0,11.0,14.0,14.0,24.0,6.0,5.0,6.0,0.0,2.0,3.0,0.0,0.0,5.0,11.0
08/31/2019,Southampton,Manchester United,1,1,41.4,58.6,2.0,8.0,10.0,21.0,598.0,771.0,375.0,537.0,25.0,19.0,25.0,16.0,2.0,3.0,0.0,1.0,1.0,2.0,1.0,0.0,17.0,7.0
08/31/2019,West Ham United,Norwich City,2,0,48.6,51.4,8.0,3.0,18.0,8.0,662.0,710.0,474.0,500.0,29.0,14.0,9.0,15.0,8.0,2.0,2.0,3.0,2.0,1.0,0.0,0.0,16.0,10.0
09/16/2019,Aston Villa,West Ham United,0,0,46.6,53.4,5.0,1.0,10.0,13.0,604.0,678.0,408.0,470.0,19.0,21.0,14.0,15.0,2.0,4.0,3.0,3.0,2.0,1.0,0.0,1.0,13.0,12.0
09/15/2019,AFC Bournemouth,Everton,3,1,40.5,59.5,6.0,5.0,13.0,14.0,547.0,684.0,336.0,488.0,18.0,18.0,37.0,10.0,7.0,7.0,4.0,0.0,0.0,4.0,0.0,0.0,5.0,14.0
09/14/2019,Brighton and Hove Albion,Burnley,1,1,62.5,37.5,5.0,1.0,14.0,7.0,693.0,500.0,491.0,284.0,21.0,17.0,20.0,24.0,3.0,6.0,2.0,2.0,0.0,2.0,0.0,0.0,13.0,7.0
09/14/2019,Liverpool,Newcastle United,3,1,75.3,24.7,9.0,1.0,21.0,8.0,1023.0,470.0,847.0,282.0,13.0,20.0,8.0,33.0,10.0,1.0,2.0,8.0,0.0,0.0,0.0,0.0,5.0,4.0
09/14/2019,Manchester United,Leicester City,1,0,41.7,58.3,5.0,3.0,10.0,9.0,566.0,686.0,345.0,471.0,19.0,30.0,30.0,11.0,3.0,9.0,0.0,2.0,1.0,2.0,0.0,0.0,14.0,14.0
09/14/2019,Norwich City,Manchester City,3,2,31.4,68.6,3.0,8.0,7.0,25.0,524.0,876.0,318.0,671.0,16.0,15.0,50.0,7.0,3.0,16.0,1.0,0.0,3.0,1.0,0.0,0.0,8.0,7.0
09/14/2019,Sheffield United,Southampton,0,1,48.2,51.8,4.0,7.0,17.0,11.0,647.0,692.0,414.0,467.0,21.0,18.0,24.0,28.0,12.0,6.0,3.0,1.0,1.0,1.0,1.0,0.0,10.0,7.0
09/14/2019,Tottenham Hotspur,Crystal Palace,4,0,64.1,35.9,5.0,6.0,13.0,11.0,830.0,537.0,640.0,357.0,11.0,15.0,13.0,15.0,4.0,3.0,1.0,0.0,4.0,3.0,0.0,0.0,19.0,11.0
09/15/2019,Watford,Arsenal,2,2,52.4,47.6,10.0,4.0,31.0,7.0,679.0,625.0,499.0,466.0,17.0,13.0,15.0,16.0,7.0,1.0,1.0,0.0,3.0,3.0,0.0,0.0,14.0,4.0
09/14/2019,Wolverhampton Wanderers,Chelsea,2,5,45.3,54.7,4.0,6.0,11.0,15.0,648.0,781.0,449.0,555.0,17.0,20.0,12.0,28.0,7.0,5.0,1.0,1.0,1.0,2.0,0.0,0.0,8.0,11.0
09/22/2019,Arsenal,Aston Villa,3,2,58.1,41.9,6.0,9.0,21.0,14.0,662.0,521.0,465.0,326.0,12.0,20.0,20.0,21.0,9.0,4.0,2.0,0.0,5.0,1.0,1.0,0.0,13.0,15.0
09/21/2019,Burnley,Norwich City,2,0,41.4,58.6,6.0,2.0,13.0,11.0,550.0,714.0,357.0,528.0,14.0,19.0,15.0,19.0,7.0,3.0,2.0,0.0,0.0,1.0,0.0,0.0,11.0,10.0
09/22/2019,Chelsea,Liverpool,1,2,55.0,45.0,2.0,3.0,13.0,6.0,713.0,608.0,492.0,415.0,15.0,11.0,10.0,37.0,6.0,4.0,7.0,1.0,3.0,3.0,0.0,0.0,8.0,13.0
09/22/2019,Crystal Palace,Wolverhampton Wanderers,1,1,49.9,50.1,4.0,4.0,13.0,13.0,692.0,661.0,456.0,442.0,24.0,31.0,18.0,17.0,6.0,7.0,1.0,0.0,2.0,1.0,0.0,1.0,7.0,10.0
09/21/2019,Everton,Sheffield United,0,2,69.8,30.2,3.0,1.0,16.0,2.0,741.0,442.0,520.0,227.0,10.0,15.0,11.0,63.0,12.0,3.0,1.0,1.0,1.0,3.0,0.0,0.0,9.0,9.0
09/21/2019,Leicester City,Tottenham Hotspur,2,1,44.2,55.8,7.0,4.0,16.0,11.0,599.0,704.0,380.0,491.0,23.0,18.0,24.0,23.0,8.0,2.0,3.0,3.0,1.0,2.0,0.0,0.0,16.0,13.0
09/21/2019,Manchester City,Watford,8,0,68.7,31.3,11.0,4.0,28.0,5.0,909.0,486.0,727.0,336.0,18.0,12.0,5.0,20.0,5.0,4.0,2.0,2.0,2.0,2.0,0.0,0.0,5.0,9.0
09/21/2019,Newcastle United,Brighton and Hove Albion,0,0,28.7,71.3,4.0,3.0,11.0,16.0,467.0,922.0,280.0,718.0,18.0,14.0,22.0,14.0,5.0,3.0,0.0,3.0,2.0,1.0,0.0,0.0,12.0,8.0
09/20/2019,Southampton,AFC Bournemouth,1,3,64.8,35.2,6.0,3.0,25.0,6.0,783.0,519.0,554.0,300.0,30.0,8.0,13.0,25.0,4.0,5.0,1.0,2.0,1.0,3.0,0.0,0.0,8.0,9.0
09/22/2019,West Ham United,Manchester United,2,0,46.5,53.5,6.0,3.0,8.0,9.0,604.0,661.0,424.0,479.0,16.0,13.0,18.0,18.0,3.0,7.0,2.0,1.0,2.0,2.0,0.0,0.0,8.0,9.0
09/28/2019,Aston Villa,Burnley,2,2,60.2,39.8,3.0,3.0,16.0,10.0,610.0,438.0,416.0,281.0,14.0,13.0,13.0,16.0,7.0,3.0,2.0,0.0,1.0,4.0,0.0,0.0,10.0,16.0
09/28/2019,AFC Bournemouth,West Ham United,2,2,49.1,50.9,5.0,6.0,13.0,17.0,672.0,653.0,456.0,478.0,8.0,23.0,21.0,16.0,6.0,6.0,2.0,2.0,3.0,1.0,0.0,0.0,7.0,8.0
09/28/2019,Chelsea,Brighton and Hove Albion,2,0,52.6,47.4,10.0,1.0,24.0,8.0,760.0,704.0,568.0,502.0,18.0,21.0,15.0,25.0,5.0,2.0,1.0,2.0,2.0,3.0,0.0,0.0,5.0,13.0
09/28/2019,Crystal Palace,Norwich City,2,0,44.6,55.4,3.0,3.0,15.0,10.0,620.0,726.0,415.0,524.0,18.0,17.0,13.0,22.0,5.0,5.0,2.0,1.0,3.0,1.0,0.0,0.0,14.0,10.0
09/28/2019,Everton,Manchester City,1,3,37.2,62.8,8.0,8.0,12.0,19.0,540.0,813.0,358.0,619.0,19.0,15.0,8.0,19.0,5.0,2.0,2.0,5.0,2.0,2.0,0.0,0.0,4.0,8.0
09/29/2019,Leicester City,Newcastle United,5,0,68.9,31.1,5.0,0.0,13.0,3.0,918.0,520.0,724.0,328.0,24.0,17.0,8.0,24.0,9.0,0.0,0.0,1.0,1.0,1.0,0.0,1.0,12.0,9.0
09/30/2019,Manchester United,Arsenal,1,1,54.8,45.2,4.0,5.0,16.0,10.0,631.0,563.0,440.0,364.0,15.0,19.0,7.0,14.0,8.0,7.0,2.0,4.0,4.0,2.0,0.0,0.0,18.0,13.0
09/28/2019,Sheffield United,Liverpool,0,1,29.6,70.4,2.0,4.0,12.0,16.0,479.0,896.0,291.0,708.0,11.0,11.0,29.0,25.0,6.0,5.0,0.0,1.0,1.0,1.0,0.0,0.0,8.0,4.0
09/28/2019,Tottenham Hotspur,Southampton,2,1,41.4,58.6,4.0,6.0,9.0,14.0,579.0,717.0,369.0,518.0,23.0,24.0,28.0,12.0,6.0,6.0,1.0,1.0,0.0,2.0,1.0,0.0,5.0,16.0
09/28/2019,Wolverhampton Wanderers,Watford,2,0,39.1,60.9,2.0,5.0,6.0,14.0,575.0,801.0,404.0,628.0,21.0,15.0,27.0,7.0,1.0,6.0,2.0,1.0,0.0,1.0,0.0,0.0,5.0,6.0
10/06/2019,Arsenal,AFC Bournemouth,1,0,52.5,47.5,2.0,2.0,12.0,10.0,653.0,643.0,443.0,403.0,23.0,14.0,17.0,31.0,14.0,5.0,0.0,0.0,1.0,2.0,0.0,0.0,12.0,6.0
10/05/2019,Brighton and Hove Albion,Tottenham Hotspur,3,0,47.7,52.3,6.0,3.0,17.0,8.0,713.0,750.0,494.0,547.0,22.0,23.0,19.0,15.0,4.0,4.0,1.0,1.0,2.0,1.0,0.0,0.0,11.0,7.0
10/05/2019,Burnley,Everton,1,0,40.8,59.2,3.0,2.0,9.0,11.0,514.0,636.0,327.0,471.0,15.0,9.0,22.0,15.0,7.0,9.0,5.0,1.0,2.0,1.0,0.0,1.0,5.0,12.0
10/05/2019,Liverpool,Leicester City,2,1,50.7,49.3,8.0,1.0,18.0,2.0,733.0,681.0,494.0,478.0,19.0,16.0,25.0,27.0,4.0,6.0,3.0,2.0,1.0,4.0,0.0,0.0,9.0,17.0
10/06/2019,Manchester City,Wolverhampton Wanderers,0,2,76.0,24.0,2.0,2.0,18.0,7.0,917.0,423.0,714.0,230.0,14.0,18.0,5.0,43.0,9.0,1.0,1.0,2.0,5.0,2.0,0.0,0.0,11.0,14.0
10/06/2019,Newcastle United,Manchester United,1,0,31.9,68.1,2.0,3.0,12.0,12.0,450.0,757.0,281.0,594.0,12.0,11.0,17.0,7.0,4.0,6.0,1.0,2.0,3.0,3.0,0.0,0.0,12.0,10.0
10/05/2019,Norwich City,Aston Villa,1,5,57.6,42.4,5.0,12.0,21.0,22.0,698.0,570.0,472.0,345.0,20.0,16.0,20.0,34.0,10.0,6.0,0.0,1.0,1.0,3.0,0.0,0.0,14.0,17.0
10/06/2019,Southampton,Chelsea,1,4,43.3,56.7,3.0,7.0,10.0,13.0,585.0,715.0,400.0,528.0,23.0,19.0,12.0,19.0,3.0,4.0,1.0,0.0,0.0,1.0,0.0,0.0,8.0,15.0
10/05/2019,Watford,Sheffield United,0,0,39.5,60.5,2.0,3.0,8.0,9.0,542.0,760.0,360.0,554.0,17.0,15.0,34.0,27.0,7.0,7.0,2.0,3.0,0.0,2.0,0.0,0.0,7.0,6.0
10/05/2019,West Ham United,Crystal Palace,1,2,51.7,48.3,4.0,4.0,9.0,7.0,678.0,668.0,519.0,489.0,19.0,10.0,14.0,18.0,2.0,2.0,2.0,4.0,3.0,2.0,0.0,0.0,11.0,7.0
10/19/2019,Aston Villa,Brighton and Hove Albion,2,1,48.9,51.1,8.0,5.0,24.0,20.0,651.0,659.0,441.0,475.0,6.0,11.0,16.0,28.0,7.0,5.0,1.0,0.0,1.0,2.0,0.0,1.0,9.0,17.0
10/19/2019,AFC Bournemouth,Norwich City,0,0,47.7,52.3,2.0,1.0,11.0,10.0,618.0,663.0,407.0,469.0,16.0,14.0,23.0,33.0,6.0,7.0,2.0,2.0,1.0,3.0,0.0,0.0,8.0,11.0
10/19/2019,Chelsea,Newcastle United,1,0,71.1,28.9,8.0,0.0,16.0,5.0,851.0,441.0,634.0,258.0,23.0,12.0,16.0,31.0,11.0,0.0,1.0,1.0,2.0,1.0,0.0,0.0,9.0,12.0
10/19/2019,Crystal Palace,Manchester City,0,2,28.7,71.3,2.0,10.0,7.0,21.0,469.0,868.0,276.0,682.0,13.0,11.0,26.0,13.0,1.0,8.0,3.0,2.0,1.0,1.0,0.0,0.0,8.0,10.0
10/19/2019,Everton,West Ham United,2,0,51.3,48.7,10.0,4.0,19.0,8.0,596.0,592.0,390.0,384.0,24.0,13.0,9.0,26.0,11.0,2.0,9.0,4.0,2.0,2.0,0.0,0.0,15.0,15.0
10/19/2019,Leicester City,Burnley,2,1,64.5,35.5,3.0,4.0,19.0,13.0,770.0,504.0,556.0,303.0,22.0,15.0,20.0,22.0,9.0,4.0,2.0,3.0,0.0,3.0,0.0,0.0,4.0,10.0
10/20/2019,Manchester United,Liverpool,1,1,32.0,68.0,2.0,4.0,7.0,10.0,509.0,842.0,299.0,652.0,10.0,18.0,29.0,17.0,3.0,1.0,4.0,1.0,0.0,1.0,0.0,0.0,6.0,14.0
10/21/2019,Sheffield United,Arsenal,1,0,31.4,68.6,2.0,3.0,8.0,9.0,492.0,835.0,287.0,633.0,21.0,17.0,25.0,12.0,7.0,12.0,1.0,1.0,4.0,4.0,0.0,0.0,10.0,12.0
10/19/2019,Tottenham Hotspur,Watford,1,1,69.4,30.6,2.0,2.0,12.0,7.0,908.0,503.0,686.0,313.0,11.0,20.0,6.0,52.0,11.0,2.0,5.0,1.0,4.0,3.0,0.0,0.0,5.0,9.0
10/19/2019,Wolverhampton Wanderers,Southampton,1,1,57.0,43.0,1.0,5.0,4.0,14.0,688.0,559.0,511.0,385.0,11.0,9.0,10.0,19.0,1.0,3.0,1.0,2.0,3.0,2.0,0.0,0.0,10.0,17.0
10/27/2019,Arsenal,Crystal Palace,2,2,56.2,43.8,6.0,4.0,15.0,10.0,639.0,554.0,444.0,345.0,21.0,14.0,18.0,26.0,12.0,5.0,1.0,1.0,2.0,0.0,0.0,0.0,18.0,9.0
10/26/2019,Brighton and Hove Albion,Everton,3,2,55.5,44.5,4.0,6.0,8.0,10.0,720.0,613.0,533.0,425.0,18.0,17.0,8.0,14.0,0.0,5.0,3.0,2.0,2.0,1.0,0.0,0.0,12.0,12.0
10/26/2019,Burnley,Chelsea,2,4,36.7,63.3,5.0,7.0,13.0,16.0,577.0,882.0,390.0,691.0,16.0,13.0,16.0,20.0,5.0,6.0,1.0,0.0,3.0,2.0,0.0,0.0,7.0,8.0
10/27/2019,Liverpool,Tottenham Hotspur,2,1,68.0,32.0,13.0,4.0,21.0,11.0,836.0,523.0,631.0,298.0,20.0,16.0,8.0,35.0,8.0,3.0,0.0,4.0,3.0,3.0,0.0,0.0,9.0,11.0
10/26/2019,Manchester City,Aston Villa,3,0,63.1,36.9,10.0,5.0,26.0,11.0,794.0,537.0,597.0,341.0,13.0,10.0,18.0,27.0,13.0,7.0,1.0,2.0,1.0,1.0,1.0,0.0,10.0,5.0
10/27/2019,Newcastle United,Wolverhampton Wanderers,1,1,43.1,56.9,2.0,5.0,13.0,13.0,595.0,720.0,405.0,533.0,13.0,18.0,28.0,17.0,3.0,6.0,1.0,1.0,2.0,2.0,1.0,0.0,8.0,16.0
10/27/2019,Norwich City,Manchester United,1,3,46.1,53.9,3.0,11.0,10.0,21.0,619.0,692.0,417.0,480.0,26.0,24.0,16.0,13.0,1.0,10.0,1.0,0.0,2.0,2.0,0.0,0.0,13.0,10.0
10/25/2019,Southampton,Leicester City,0,9,27.4,72.6,3.0,15.0,6.0,25.0,483.0,925.0,272.0,709.0,20.0,26.0,18.0,8.0,2.0,7.0,1.0,0.0,0.0,0.0,1.0,0.0,3.0,12.0
10/26/2019,Watford,AFC Bournemouth,0,0,40.2,59.8,3.0,5.0,7.0,15.0,545.0,713.0,337.0,501.0,20.0,16.0,23.0,21.0,5.0,10.0,5.0,3.0,5.0,3.0,0.0,0.0,14.0,8.0
10/26/2019,West Ham United,Sheffield United,1,1,60.8,39.2,4.0,4.0,12.0,10.0,724.0,551.0,545.0,357.0,12.0,11.0,8.0,27.0,10.0,4.0,4.0,4.0,2.0,2.0,0.0,0.0,7.0,10.0
11/02/2019,Arsenal,Wolverhampton Wanderers,1,1,57.5,42.5,4.0,8.0,10.0,24.0,766.0,613.0,539.0,397.0,16.0,22.0,20.0,21.0,8.0,9.0,2.0,2.0,0.0,2.0,0.0,0.0,6.0,15.0
11/02/2019,Aston Villa,Liverpool,1,2,26.3,73.7,2.0,6.0,4.0,25.0,447.0,860.0,226.0,634.0,20.0,17.0,47.0,21.0,2.0,10.0,3.0,2.0,1.0,2.0,0.0,0.0,12.0,9.0
11/02/2019,AFC Bournemouth,Manchester United,1,0,42.6,57.4,6.0,4.0,13.0,15.0,581.0,700.0,366.0,488.0,13.0,18.0,33.0,11.0,4.0,10.0,1.0,4.0,4.0,3.0,0.0,0.0,14.0,12.0
11/02/2019,Brighton and Hove Albion,Norwich City,2,0,58.5,41.5,5.0,0.0,21.0,7.0,733.0,572.0,538.0,391.0,19.0,13.0,5.0,19.0,8.0,3.0,3.0,1.0,0.0,1.0,0.0,0.0,11.0,8.0
11/03/2019,Crystal Palace,Leicester City,0,2,44.2,55.8,3.0,5.0,12.0,14.0,548.0,634.0,334.0,431.0,19.0,22.0,12.0,24.0,5.0,6.0,2.0,1.0,2.0,2.0,0.0,0.0,15.0,16.0
11/03/2019,Everton,Tottenham Hotspur,1,1,47.3,52.7,3.0,2.0,7.0,5.0,567.0,651.0,375.0,443.0,26.0,15.0,8.0,24.0,5.0,2.0,1.0,2.0,1.0,2.0,0.0,1.0,9.0,8.0
11/02/2019,Manchester City,Southampton,2,1,75.3,24.7,4.0,3.0,26.0,3.0,885.0,461.0,639.0,225.0,9.0,20.0,5.0,76.0,17.0,0.0,3.0,0.0,3.0,1.0,0.0,0.0,11.0,10.0
11/02/2019,Sheffield United,Burnley,3,0,45.6,54.4,6.0,0.0,13.0,6.0,563.0,627.0,384.0,460.0,17.0,5.0,23.0,17.0,7.0,6.0,1.0,0.0,1.0,2.0,0.0,0.0,8.0,12.0
11/02/2019,Watford,Chelsea,1,2,32.8,67.2,3.0,10.0,12.0,16.0,555.0,991.0,373.0,793.0,16.0,16.0,20.0,17.0,1.0,6.0,0.0,0.0,4.0,2.0,0.0,0.0,8.0,5.0
11/02/2019,West Ham United,Newcastle United,2,3,69.5,30.5,6.0,9.0,16.0,12.0,788.0,454.0,583.0,262.0,13.0,18.0,12.0,40.0,7.0,3.0,1.0,4.0,2.0,1.0,0.0,0.0,10.0,7.0
11/09/2019,Burnley,West Ham United,3,0,40.0,60.0,12.0,4.0,14.0,7.0,496.0,633.0,299.0,459.0,7.0,14.0,21.0,21.0,11.0,4.0,7.0,1.0,2.0,1.0,0.0,0.0,17.0,10.0
11/09/2019,Chelsea,Crystal Palace,2,0,60.6,39.4,5.0,1.0,23.0,3.0,774.0,559.0,572.0,377.0,19.0,19.0,9.0,21.0,7.0,0.0,0.0,0.0,3.0,2.0,0.0,0.0,9.0,17.0
11/09/2019,Leicester City,Arsenal,2,0,50.2,49.8,7.0,1.0,19.0,8.0,690.0,673.0,486.0,478.0,19.0,18.0,19.0,15.0,5.0,4.0,1.0,2.0,1.0,1.0,0.0,0.0,10.0,10.0
11/10/2019,Liverpool,Manchester City,3,1,45.0,55.0,5.0,3.0,12.0,18.0,609.0,717.0,416.0,507.0,13.0,15.0,27.0,24.0,4.0,13.0,3.0,5.0,0.0,2.0,0.0,0.0,10.0,5.0
11/10/2019,Manchester United,Brighton and Hove Albion,3,1,42.7,57.3,11.0,2.0,21.0,6.0,577.0,707.0,358.0,483.0,24.0,28.0,11.0,14.0,5.0,2.0,0.0,4.0,2.0,5.0,0.0,0.0,10.0,14.0
11/09/2019,Newcastle United,AFC Bournemouth,2,1,33.9,66.1,9.0,4.0,21.0,16.0,485.0,778.0,279.0,559.0,18.0,14.0,31.0,24.0,5.0,4.0,4.0,1.0,2.0,0.0,0.0,0.0,10.0,5.0
11/08/2019,Norwich City,Watford,0,2,65.8,34.2,5.0,2.0,17.0,12.0,832.0,522.0,597.0,315.0,18.0,25.0,9.0,36.0,10.0,4.0,1.0,0.0,1.0,2.0,0.0,1.0,7.0,13.0
11/09/2019,Southampton,Everton,1,2,47.3,52.7,3.0,5.0,4.0,24.0,547.0,596.0,345.0,377.0,12.0,23.0,24.0,20.0,5.0,9.0,2.0,0.0,1.0,1.0,0.0,0.0,12.0,12.0
11/09/2019,Tottenham Hotspur,Sheffield United,1,1,61.1,38.9,5.0,4.0,17.0,14.0,806.0,591.0,602.0,378.0,19.0,27.0,19.0,23.0,4.0,4.0,1.0,6.0,2.0,2.0,0.0,0.0,6.0,9.0
11/10/2019,Wolverhampton Wanderers,Aston Villa,2,1,50.1,49.9,5.0,4.0,17.0,13.0,594.0,589.0,385.0,375.0,14.0,20.0,28.0,15.0,6.0,3.0,0.0,1.0,4.0,3.0,0.0,0.0,17.0,8.0
11/23/2019,Arsenal,Southampton,2,2,61.0,39.0,5.0,6.0,12.0,21.0,729.0,540.0,487.0,316.0,25.0,18.0,17.0,21.0,6.0,8.0,2.0,1.0,6.0,2.0,0.0,0.0,13.0,19.0
11/25/2019,Aston Villa,Newcastle United,2,0,62.0,38.0,8.0,5.0,17.0,11.0,687.0,505.0,490.0,296.0,15.0,15.0,19.0,27.0,11.0,6.0,1.0,2.0,1.0,1.0,0.0,0.0,10.0,9.0
11/23/2019,AFC Bournemouth,Wolverhampton Wanderers,1,2,46.6,53.4,2.0,8.0,9.0,18.0,608.0,689.0,443.0,509.0,9.0,11.0,18.0,27.0,5.0,9.0,0.0,4.0,2.0,1.0,1.0,0.0,10.0,12.0
11/23/2019,Brighton and Hove Albion,Leicester City,0,2,52.6,47.4,0.0,9.0,7.0,19.0,650.0,594.0,458.0,418.0,11.0,17.0,11.0,22.0,6.0,7.0,2.0,1.0,2.0,0.0,0.0,0.0,9.0,1.0
11/23/2019,Crystal Palace,Liverpool,1,2,40.0,60.0,6.0,4.0,16.0,12.0,544.0,703.0,330.0,510.0,14.0,24.0,31.0,29.0,9.0,8.0,3.0,0.0,0.0,1.0,0.0,0.0,8.0,7.0
11/23/2019,Everton,Norwich City,0,2,57.3,42.7,7.0,5.0,18.0,13.0,621.0,538.0,401.0,307.0,20.0,18.0,14.0,35.0,7.0,7.0,0.0,0.0,3.0,5.0,0.0,0.0,12.0,11.0
11/23/2019,Manchester City,Chelsea,2,1,46.7,53.3,4.0,2.0,15.0,11.0,728.0,821.0,558.0,644.0,15.0,15.0,12.0,23.0,8.0,2.0,3.0,4.0,1.0,1.0,0.0,0.0,5.0,9.0
11/24/2019,Sheffield United,Manchester United,3,3,40.6,59.4,8.0,5.0,12.0,11.0,580.0,789.0,383.0,587.0,13.0,10.0,21.0,21.0,6.0,3.0,3.0,1.0,1.0,2.0,0.0,0.0,13.0,10.0
11/23/2019,Watford,Burnley,0,3,61.9,38.1,4.0,5.0,15.0,11.0,582.0,422.0,396.0,248.0,11.0,6.0,23.0,29.0,7.0,5.0,2.0,2.0,1.0,3.0,0.0,0.0,14.0,13.0
11/23/2019,West Ham United,Tottenham Hotspur,2,3,47.1,52.9,4.0,6.0,11.0,15.0,612.0,655.0,407.0,471.0,18.0,19.0,13.0,15.0,3.0,7.0,4.0,6.0,3.0,2.0,0.0,0.0,12.0,14.0
11/30/2019,Burnley,Crystal Palace,0,2,43.5,56.5,4.0,2.0,15.0,7.0,553.0,685.0,347.0,464.0,20.0,15.0,16.0,31.0,5.0,6.0,1.0,1.0,2.0,0.0,0.0,0.0,13.0,9.0
11/30/2019,Chelsea,West Ham United,0,1,65.7,34.3,6.0,4.0,19.0,5.0,920.0,545.0,671.0,354.0,7.0,26.0,9.0,30.0,9.0,3.0,3.0,0.0,0.0,3.0,0.0,0.0,0.0,16.0
12/01/2019,Leicester City,Everton,2,1,69.3,30.7,6.0,3.0,16.0,11.0,853.0,503.0,652.0,275.0,19.0,20.0,9.0,32.0,4.0,4.0,1.0,3.0,0.0,1.0,0.0,0.0,7.0,9.0
11/30/2019,Liverpool,Brighton and Hove Albion,2,1,44.8,55.2,7.0,5.0,15.0,12.0,654.0,790.0,482.0,592.0,11.0,11.0,16.0,20.0,4.0,5.0,1.0,6.0,0.0,0.0,1.0,0.0,3.0,10.0
12/01/2019,Manchester United,Aston Villa,2,2,62.3,37.7,6.0,3.0,16.0,9.0,714.0,503.0,525.0,309.0,6.0,22.0,15.0,18.0,9.0,9.0,1.0,4.0,4.0,1.0,0.0,0.0,16.0,8.0
11/30/2019,Newcastle United,Manchester City,2,2,23.6,76.4,3.0,9.0,6.0,24.0,453.0,958.0,238.0,760.0,18.0,12.0,40.0,10.0,1.0,10.0,3.0,3.0,1.0,2.0,0.0,0.0,4.0,6.0
12/01/2019,Norwich City,Arsenal,2,2,39.9,60.1,8.0,7.0,15.0,16.0,573.0,742.0,364.0,541.0,12.0,16.0,35.0,14.0,7.0,12.0,1.0,0.0,2.0,1.0,0.0,0.0,8.0,10.0
11/30/2019,Southampton,Watford,2,1,62.8,37.2,6.0,3.0,11.0,6.0,784.0,519.0,548.0,315.0,17.0,18.0,19.0,32.0,6.0,7.0,2.0,4.0,1.0,0.0,0.0,0.0,6.0,10.0
11/30/2019,Tottenham Hotspur,AFC Bournemouth,3,2,52.6,47.4,5.0,6.0,14.0,20.0,714.0,649.0,515.0,455.0,19.0,8.0,29.0,19.0,4.0,8.0,1.0,0.0,0.0,2.0,0.0,0.0,10.0,12.0
12/01/2019,Wolverhampton Wanderers,Sheffield United,1,1,59.4,40.6,3.0,4.0,13.0,10.0,718.0,583.0,517.0,361.0,17.0,19.0,13.0,37.0,7.0,2.0,1.0,3.0,1.0,5.0,0.0,0.0,12.0,18.0
12/05/2019,Arsenal,Brighton and Hove Albion,1,2,49.2,50.8,5.0,9.0,12.0,20.0,606.0,596.0,389.0,413.0,19.0,11.0,13.0,24.0,9.0,9.0,7.0,0.0,3.0,1.0,0.0,0.0,10.0,11.0
12/03/2019,Burnley,Manchester City,1,4,24.5,75.5,2.0,8.0,4.0,17.0,422.0,947.0,250.0,774.0,14.0,8.0,24.0,18.0,3.0,6.0,0.0,2.0,1.0,1.0,0.0,0.0,9.0,6.0
12/04/2019,Leicester City,Watford,2,0,63.0,37.0,6.0,1.0,12.0,4.0,762.0,526.0,569.0,324.0,11.0,17.0,27.0,30.0,7.0,2.0,3.0,1.0,3.0,2.0,0.0,0.0,13.0,16.0
12/04/2019,Manchester United,Tottenham Hotspur,2,1,46.6,53.4,7.0,5.0,12.0,8.0,638.0,712.0,441.0,497.0,20.0,18.0,15.0,19.0,4.0,3.0,1.0,1.0,0.0,1.0,0.0,0.0,9.0,9.0
12/05/2019,Sheffield United,Newcastle United,0,2,73.3,26.7,6.0,4.0,13.0,6.0,881.0,449.0,675.0,253.0,18.0,14.0,13.0,41.0,8.0,1.0,3.0,2.0,2.0,0.0,0.0,0.0,10.0,6.0
12/04/2019,Wolverhampton Wanderers,West Ham United,2,0,49.4,50.6,7.0,3.0,13.0,6.0,680.0,676.0,479.0,496.0,12.0,23.0,17.0,17.0,5.0,4.0,3.0,3.0,1.0,2.0,0.0,0.0,8.0,9.0
12/04/2019,Chelsea,Aston Villa,2,1,64.5,35.5,9.0,3.0,25.0,9.0,869.0,597.0,649.0,349.0,13.0,22.0,15.0,30.0,9.0,5.0,0.0,1.0,2.0,1.0,0.0,0.0,18.0,10.0
12/03/2019,Crystal Palace,AFC Bournemouth,1,0,30.8,69.2,2.0,3.0,7.0,6.0,465.0,769.0,258.0,575.0,16.0,26.0,30.0,18.0,6.0,9.0,1.0,0.0,3.0,3.0,1.0,0.0,6.0,15.0
12/04/2019,Liverpool,Everton,5,2,58.5,41.5,5.0,4.0,11.0,12.0,704.0,542.0,501.0,339.0,15.0,19.0,25.0,15.0,5.0,6.0,3.0,3.0,1.0,2.0,0.0,0.0,13.0,17.0
12/04/2019,Southampton,Norwich City,2,1,40.1,59.9,5.0,3.0,14.0,10.0,582.0,795.0,366.0,562.0,27.0,12.0,15.0,30.0,6.0,1.0,3.0,1.0,1.0,1.0,0.0,0.0,12.0,7.0
12/08/2019,Aston Villa,Leicester City,1,4,40.4,59.6,2.0,8.0,15.0,23.0,518.0,693.0,306.0,478.0,14.0,17.0,22.0,30.0,8.0,5.0,0.0,1.0,6.0,2.0,0.0,0.0,21.0,15.0
12/07/2019,AFC Bournemouth,Liverpool,0,3,26.2,73.8,0.0,9.0,3.0,21.0,467.0,1017.0,305.0,852.0,12.0,10.0,35.0,5.0,1.0,3.0,5.0,1.0,0.0,1.0,0.0,0.0,5.0,6.0
12/08/2019,Brighton and Hove Albion,Wolverhampton Wanderers,2,2,62.0,38.0,5.0,6.0,13.0,13.0,743.0,521.0,581.0,356.0,13.0,9.0,11.0,11.0,3.0,4.0,1.0,3.0,3.0,0.0,0.0,0.0,10.0,7.0
12/07/2019,Everton,Chelsea,3,1,30.0,70.0,7.0,4.0,13.0,15.0,470.0,843.0,255.0,594.0,36.0,14.0,25.0,23.0,1.0,5.0,2.0,3.0,3.0,0.0,0.0,0.0,14.0,9.0
12/07/2019,Manchester City,Manchester United,1,2,71.9,28.1,5.0,7.0,22.0,11.0,885.0,475.0,658.0,265.0,14.0,19.0,9.0,39.0,16.0,3.0,1.0,0.0,3.0,2.0,0.0,0.0,10.0,10.0
12/08/2019,Newcastle United,Southampton,2,1,0.0,0.0,0.0,0.0,0.0,0.0,0.0,0.0,0.0,0.0,0.0,0.0,0.0,0.0,0.0,0.0,0.0,0.0,0.0,0.0,0.0,0.0,0.0,0.0
12/08/2019,Norwich City,Sheffield United,1,2,58.2,41.8,4.0,3.0,14.0,9.0,786.0,625.0,579.0,418.0,17.0,17.0,15.0,23.0,9.0,1.0,1.0,2.0,0.0,4.0,0.0,1.0,6.0,12.0
12/07/2019,Tottenham Hotspur,Burnley,5,0,49.0,51.0,7.0,1.0,13.0,7.0,661.0,671.0,476.0,479.0,19.0,15.0,23.0,10.0,1.0,1.0,1.0,2.0,1.0,1.0,0.0,0.0,12.0,8.0
12/07/2019,Watford,Crystal Palace,0,0,50.2,49.8,3.0,0.0,13.0,3.0,580.0,591.0,384.0,391.0,14.0,14.0,15.0,26.0,6.0,2.0,1.0,1.0,4.0,2.0,0.0,0.0,15.0,16.0
12/09/2019,West Ham United,Arsenal,1,3,35.8,64.2,4.0,3.0,11.0,10.0,541.0,864.0,365.0,675.0,27.0,12.0,10.0,16.0,4.0,3.0,1.0,0.0,2.0,0.0,0.0,0.0,12.0,6.0
12/15/2019,Arsenal,Manchester City,0,3,42.4,57.6,1.0,7.0,6.0,14.0,674.0,847.0,482.0,672.0,16.0,21.0,10.0,20.0,3.0,3.0,2.0,1.0,1.0,4.0,0.0,0.0,9.0,24.0
12/14/2019,Burnley,Newcastle United,1,0,48.0,52.0,4.0,0.0,7.0,9.0,560.0,575.0,369.0,397.0,14.0,17.0,28.0,15.0,4.0,3.0,3.0,1.0,0.0,2.0,0.0,0.0,15.0,12.0
12/14/2019,Chelsea,AFC Bournemouth,0,1,67.0,33.0,5.0,2.0,18.0,11.0,813.0,530.0,590.0,293.0,15.0,7.0,26.0,47.0,9.0,4.0,3.0,1.0,1.0,2.0,0.0,0.0,9.0,14.0
12/16/2019,Crystal Palace,Brighton and Hove Albion,1,1,34.8,65.2,4.0,10.0,11.0,15.0,535.0,801.0,315.0,593.0,14.0,16.0,32.0,13.0,3.0,7.0,0.0,1.0,1.0,1.0,0.0,0.0,7.0,12.0
12/14/2019,Leicester City,Norwich City,1,1,56.8,43.2,5.0,3.0,18.0,10.0,746.0,606.0,513.0,397.0,21.0,17.0,15.0,24.0,12.0,4.0,0.0,1.0,0.0,5.0,0.0,0.0,11.0,15.0
12/14/2019,Liverpool,Watford,2,0,67.9,32.1,6.0,2.0,16.0,8.0,847.0,514.0,649.0,309.0,14.0,21.0,14.0,35.0,6.0,3.0,5.0,4.0,2.0,1.0,0.0,0.0,8.0,6.0
12/15/2019,Manchester United,Everton,1,1,66.5,33.5,8.0,3.0,24.0,8.0,759.0,470.0,529.0,264.0,14.0,21.0,18.0,30.0,6.0,5.0,2.0,3.0,1.0,2.0,0.0,0.0,10.0,12.0
12/14/2019,Sheffield United,Aston Villa,2,0,56.7,43.3,3.0,0.0,7.0,8.0,697.0,596.0,512.0,396.0,12.0,11.0,16.0,43.0,3.0,2.0,3.0,0.0,2.0,2.0,0.0,0.0,10.0,9.0
12/14/2019,Southampton,West Ham United,0,1,57.0,43.0,2.0,4.0,11.0,11.0,701.0,561.0,474.0,359.0,15.0,17.0,24.0,29.0,5.0,8.0,4.0,2.0,1.0,3.0,0.0,0.0,9.0,14.0
12/15/2019,Wolverhampton Wanderers,Tottenham Hotspur,1,2,57.8,42.2,5.0,5.0,19.0,9.0,699.0,592.0,494.0,375.0,18.0,18.0,9.0,40.0,11.0,2.0,0.0,1.0,4.0,4.0,0.0,0.0,14.0,10.0
12/21/2019,Aston Villa,Southampton,1,3,56.5,43.5,6.0,8.0,19.0,17.0,667.0,543.0,432.0,341.0,9.0,16.0,21.0,24.0,7.0,5.0,2.0,3.0,2.0,1.0,0.0,0.0,16.0,15.0
12/21/2019,AFC Bournemouth,Burnley,0,1,64.8,35.2,0.0,1.0,3.0,2.0,635.0,410.0,437.0,230.0,15.0,13.0,31.0,27.0,4.0,5.0,2.0,0.0,2.0,4.0,0.0,0.0,13.0,21.0
12/21/2019,Brighton and Hove Albion,Sheffield United,0,1,69.0,31.0,2.0,2.0,9.0,7.0,832.0,456.0,648.0,293.0,9.0,22.0,6.0,23.0,4.0,3.0,2.0,3.0,1.0,3.0,0.0,0.0,6.0,11.0
12/21/2019,Everton,Arsenal,0,0,43.0,57.0,0.0,2.0,9.0,6.0,548.0,678.0,353.0,484.0,15.0,14.0,13.0,24.0,5.0,4.0,0.0,1.0,2.0,3.0,0.0,0.0,10.0,11.0
12/21/2019,Manchester City,Leicester City,3,1,62.7,37.3,12.0,2.0,23.0,5.0,859.0,585.0,690.0,409.0,19.0,14.0,3.0,16.0,6.0,0.0,1.0,3.0,2.0,2.0,0.0,0.0,14.0,9.0
12/21/2019,Newcastle United,Crystal Palace,1,0,42.5,57.5,3.0,4.0,8.0,16.0,552.0,702.0,365.0,503.0,25.0,18.0,16.0,14.0,4.0,5.0,2.0,0.0,2.0,0.0,0.0,0.0,12.0,11.0
12/21/2019,Norwich City,Wolverhampton Wanderers,1,2,50.2,49.8,7.0,4.0,13.0,14.0,642.0,618.0,455.0,440.0,15.0,13.0,18.0,12.0,3.0,11.0,3.0,2.0,2.0,4.0,0.0,0.0,7.0,14.0
12/22/2019,Tottenham Hotspur,Chelsea,0,2,44.5,55.5,1.0,3.0,5.0,13.0,651.0,768.0,455.0,571.0,19.0,16.0,20.0,15.0,3.0,5.0,0.0,2.0,4.0,3.0,1.0,0.0,9.0,11.0
12/22/2019,Watford,Manchester United,2,0,36.1,63.9,3.0,8.0,11.0,17.0,511.0,767.0,313.0,562.0,19.0,18.0,15.0,22.0,3.0,5.0,5.0,4.0,3.0,1.0,0.0,0.0,16.0,11.0
01/29/2020,West Ham United,Liverpool,0,2,29.4,70.6,4.0,5.0,7.0,13.0,519.0,1007.0,331.0,828.0,17.0,17.0,19.0,12.0,3.0,7.0,1.0,0.0,2.0,0.0,0.0,0.0,6.0,6.0
12/26/2019,Aston Villa,Norwich City,1,0,42.5,57.5,2.0,6.0,11.0,16.0,553.0,704.0,363.0,508.0,19.0,7.0,20.0,29.0,5.0,8.0,1.0,0.0,2.0,3.0,0.0,0.0,15.0,12.0
12/26/2019,AFC Bournemouth,Arsenal,1,1,39.5,60.5,4.0,2.0,12.0,17.0,580.0,796.0,383.0,599.0,16.0,10.0,24.0,19.0,8.0,3.0,1.0,0.0,4.0,4.0,0.0,0.0,5.0,13.0
12/26/2019,Chelsea,Southampton,0,2,66.1,33.9,3.0,3.0,10.0,5.0,937.0,595.0,688.0,362.0,21.0,32.0,7.0,31.0,8.0,1.0,1.0,2.0,3.0,2.0,0.0,0.0,10.0,9.0
12/26/2019,Crystal Palace,West Ham United,2,1,58.2,41.8,4.0,2.0,13.0,10.0,787.0,608.0,557.0,390.0,16.0,30.0,16.0,27.0,7.0,6.0,1.0,2.0,0.0,2.0,0.0,0.0,5.0,10.0
12/26/2019,Everton,Burnley,1,0,67.5,32.5,5.0,0.0,21.0,6.0,717.0,418.0,521.0,255.0,5.0,20.0,14.0,25.0,10.0,2.0,0.0,1.0,0.0,0.0,0.0,0.0,15.0,14.0
12/26/2019,Leicester City,Liverpool,0,4,41.2,58.8,0.0,6.0,3.0,15.0,618.0,788.0,421.0,590.0,16.0,10.0,36.0,15.0,2.0,8.0,6.0,3.0,1.0,1.0,0.0,0.0,5.0,7.0
12/26/2019,Manchester United,Newcastle United,4,1,73.3,26.7,10.0,2.0,22.0,7.0,986.0,471.0,815.0,295.0,17.0,20.0,2.0,22.0,5.0,0.0,1.0,1.0,2.0,2.0,0.0,0.0,10.0,7.0
12/26/2019,Sheffield United,Watford,1,1,58.1,41.9,4.0,2.0,16.0,5.0,713.0,583.0,517.0,386.0,18.0,7.0,10.0,27.0,9.0,1.0,4.0,1.0,0.0,3.0,0.0,0.0,11.0,8.0
12/26/2019,Tottenham Hotspur,Brighton and Hove Albion,2,1,53.8,46.2,5.0,5.0,11.0,11.0,692.0,640.0,494.0,416.0,19.0,23.0,19.0,28.0,9.0,2.0,5.0,0.0,4.0,2.0,0.0,0.0,10.0,9.0
12/27/2019,Wolverhampton Wanderers,Manchester City,3,2,61.9,38.1,8.0,3.0,21.0,7.0,759.0,530.0,564.0,358.0,13.0,16.0,2.0,32.0,3.0,1.0,0.0,1.0,0.0,1.0,0.0,1.0,7.0,13.0
12/29/2019,Arsenal,Chelsea,1,2,42.1,57.9,2.0,4.0,7.0,13.0,615.0,771.0,427.0,577.0,16.0,17.0,20.0,10.0,2.0,3.0,2.0,1.0,5.0,4.0,0.0,0.0,13.0,19.0
12/28/2019,Brighton and Hove Albion,AFC Bournemouth,2,0,55.1,44.9,6.0,2.0,16.0,10.0,706.0,600.0,496.0,413.0,23.0,18.0,12.0,30.0,9.0,2.0,3.0,0.0,0.0,2.0,0.0,0.0,9.0,11.0
12/28/2019,Burnley,Manchester United,0,2,38.6,61.4,1.0,5.0,8.0,14.0,455.0,675.0,295.0,501.0,13.0,6.0,12.0,20.0,5.0,4.0,5.0,2.0,4.0,3.0,0.0,0.0,17.0,10.0
12/29/2019,Liverpool,Wolverhampton Wanderers,1,0,62.9,37.1,3.0,2.0,10.0,10.0,808.0,559.0,607.0,352.0,19.0,23.0,15.0,20.0,5.0,6.0,2.0,5.0,1.0,0.0,0.0,0.0,7.0,3.0
12/29/2019,Manchester City,Sheffield United,2,0,72.9,27.1,4.0,0.0,16.0,8.0,1021.0,477.0,871.0,314.0,10.0,16.0,12.0,23.0,8.0,5.0,1.0,5.0,1.0,1.0,0.0,0.0,5.0,6.0
12/28/2019,Newcastle United,Everton,1,2,42.7,57.3,5.0,9.0,20.0,22.0,535.0,659.0,317.0,435.0,14.0,15.0,25.0,32.0,5.0,8.0,3.0,2.0,2.0,2.0,0.0,0.0,13.0,13.0
12/28/2019,Norwich City,Tottenham Hotspur,2,2,41.1,58.9,2.0,7.0,5.0,15.0,597.0,768.0,394.0,554.0,22.0,22.0,26.0,11.0,4.0,6.0,3.0,3.0,3.0,3.0,0.0,0.0,12.0,10.0
12/28/2019,Southampton,Crystal Palace,1,1,59.9,40.1,5.0,2.0,14.0,5.0,682.0,543.0,471.0,334.0,20.0,16.0,11.0,32.0,12.0,4.0,2.0,2.0,1.0,2.0,0.0,0.0,13.0,7.0
12/28/2019,Watford,Aston Villa,3,0,48.8,51.2,6.0,2.0,20.0,11.0,600.0,631.0,417.0,433.0,14.0,11.0,23.0,23.0,6.0,3.0,1.0,3.0,3.0,1.0,1.0,0.0,16.0,9.0
12/28/2019,West Ham United,Leicester City,1,2,42.7,57.3,4.0,8.0,14.0,13.0,591.0,751.0,383.0,523.0,24.0,11.0,17.0,10.0,5.0,5.0,2.0,3.0,4.0,1.0,0.0,0.0,16.0,4.0
01/01/2020,Arsenal,Manchester United,2,0,48.8,51.2,4.0,4.0,10.0,10.0,715.0,729.0,513.0,542.0,19.0,12.0,18.0,7.0,1.0,4.0,0.0,0.0,2.0,0.0,0.0,0.0,11.0,15.0
01/01/2020,Brighton and Hove Albion,Chelsea,1,1,47.7,52.3,5.0,5.0,16.0,16.0,714.0,755.0,484.0,537.0,20.0,25.0,13.0,26.0,5.0,3.0,0.0,3.0,2.0,3.0,0.0,0.0,8.0,15.0
01/01/2020,Burnley,Aston Villa,1,2,61.9,38.1,1.0,6.0,20.0,11.0,699.0,500.0,506.0,327.0,7.0,13.0,12.0,31.0,8.0,4.0,2.0,1.0,1.0,1.0,0.0,0.0,12.0,10.0
01/02/2020,Liverpool,Sheffield United,2,0,74.8,25.2,7.0,2.0,19.0,3.0,1109.0,470.0,969.0,327.0,6.0,14.0,9.0,29.0,8.0,4.0,1.0,3.0,0.0,0.0,0.0,0.0,5.0,8.0
01/01/2020,Manchester City,Everton,2,1,65.4,34.6,7.0,2.0,16.0,7.0,943.0,555.0,777.0,401.0,10.0,14.0,13.0,11.0,3.0,6.0,3.0,1.0,0.0,4.0,0.0,0.0,11.0,11.0
01/01/2020,Newcastle United,Leicester City,0,3,23.4,76.6,2.0,10.0,5.0,17.0,431.0,1022.0,244.0,833.0,15.0,17.0,20.0,14.0,4.0,5.0,0.0,3.0,1.0,1.0,0.0,0.0,8.0,12.0
01/01/2020,Norwich City,Crystal Palace,1,1,40.6,59.4,4.0,3.0,15.0,12.0,604.0,744.0,362.0,521.0,30.0,16.0,32.0,8.0,2.0,5.0,2.0,1.0,5.0,0.0,0.0,0.0,12.0,9.0
01/01/2020,Southampton,Tottenham Hotspur,1,0,40.9,59.1,3.0,5.0,12.0,11.0,583.0,741.0,343.0,499.0,22.0,23.0,37.0,24.0,6.0,9.0,1.0,3.0,3.0,4.0,0.0,0.0,21.0,8.0
01/01/2020,Watford,Wolverhampton Wanderers,2,1,36.4,63.6,3.0,4.0,9.0,16.0,519.0,773.0,343.0,578.0,13.0,23.0,34.0,7.0,4.0,7.0,1.0,0.0,3.0,1.0,1.0,0.0,12.0,6.0
01/01/2020,West Ham United,AFC Bournemouth,4,0,42.6,57.4,7.0,2.0,14.0,3.0,639.0,808.0,444.0,618.0,23.0,20.0,14.0,21.0,9.0,2.0,1.0,3.0,1.0,2.0,1.0,0.0,3.0,12.0
01/12/2020,Aston Villa,Manchester City,1,6,29.4,70.6,1.0,12.0,7.0,22.0,538.0,1037.0,362.0,877.0,15.0,16.0,20.0,5.0,2.0,4.0,1.0,0.0,2.0,1.0,0.0,0.0,5.0,12.0
01/12/2020,AFC Bournemouth,Watford,0,3,56.7,43.3,1.0,6.0,10.0,18.0,742.0,609.0,536.0,411.0,8.0,27.0,15.0,36.0,5.0,5.0,0.0,5.0,1.0,1.0,0.0,0.0,3.0,13.0
01/11/2020,Chelsea,Burnley,3,0,65.5,34.5,8.0,3.0,18.0,7.0,754.0,473.0,568.0,300.0,13.0,13.0,9.0,22.0,10.0,3.0,6.0,6.0,0.0,3.0,0.0,0.0,7.0,4.0
01/11/2020,Crystal Palace,Arsenal,1,1,42.7,57.3,3.0,4.0,6.0,7.0,567.0,691.0,362.0,487.0,25.0,17.0,11.0,19.0,1.0,4.0,3.0,1.0,2.0,3.0,0.0,1.0,14.0,22.0
01/11/2020,Everton,Brighton and Hove Albion,1,0,53.8,46.2,6.0,2.0,14.0,9.0,705.0,646.0,491.0,426.0,21.0,13.0,22.0,27.0,4.0,3.0,2.0,2.0,2.0,1.0,0.0,0.0,7.0,7.0
01/11/2020,Leicester City,Southampton,1,2,58.2,41.8,5.0,10.0,5.0,16.0,686.0,533.0,455.0,318.0,20.0,23.0,21.0,10.0,2.0,4.0,3.0,2.0,0.0,3.0,0.0,0.0,9.0,17.0
01/11/2020,Manchester United,Norwich City,4,0,59.6,40.4,6.0,3.0,13.0,8.0,847.0,652.0,646.0,440.0,21.0,22.0,8.0,20.0,4.0,2.0,2.0,0.0,0.0,0.0,0.0,0.0,18.0,7.0
01/10/2020,Sheffield United,West Ham United,1,0,46.9,53.1,3.0,2.0,13.0,7.0,612.0,713.0,437.0,504.0,19.0,16.0,11.0,18.0,7.0,3.0,3.0,1.0,1.0,0.0,0.0,0.0,11.0,6.0
01/11/2020,Tottenham Hotspur,Liverpool,0,1,33.2,66.8,4.0,7.0,14.0,13.0,591.0,961.0,381.0,786.0,13.0,20.0,38.0,9.0,4.0,3.0,2.0,2.0,0.0,2.0,0.0,0.0,4.0,8.0
01/11/2020,Wolverhampton Wanderers,Newcastle United,1,1,65.7,34.3,4.0,1.0,9.0,5.0,779.0,496.0,593.0,311.0,16.0,15.0,8.0,37.0,5.0,2.0,0.0,1.0,0.0,3.0,0.0,0.0,13.0,12.0
01/18/2020,Arsenal,Sheffield United,1,1,61.0,39.0,4.0,4.0,11.0,12.0,758.0,534.0,567.0,353.0,13.0,20.0,16.0,17.0,4.0,5.0,3.0,0.0,1.0,2.0,0.0,0.0,9.0,13.0
01/18/2020,Brighton and Hove Albion,Aston Villa,1,1,55.3,44.7,2.0,3.0,10.0,8.0,729.0,618.0,500.0,397.0,20.0,20.0,12.0,19.0,3.0,4.0,2.0,4.0,3.0,3.0,0.0,0.0,11.0,13.0
01/19/2020,Burnley,Leicester City,2,1,44.5,55.5,5.0,8.0,8.0,18.0,611.0,702.0,386.0,492.0,16.0,23.0,18.0,26.0,4.0,5.0,1.0,0.0,1.0,0.0,0.0,0.0,14.0,8.0
01/19/2020,Liverpool,Manchester United,2,0,53.2,46.8,5.0,4.0,16.0,9.0,717.0,659.0,509.0,455.0,22.0,16.0,13.0,34.0,11.0,5.0,2.0,3.0,1.0,3.0,0.0,0.0,7.0,10.0
01/18/2020,Manchester City,Crystal Palace,2,2,72.5,27.5,6.0,3.0,25.0,5.0,898.0,458.0,666.0,270.0,13.0,18.0,3.0,44.0,14.0,2.0,0.0,1.0,1.0,2.0,0.0,0.0,9.0,7.0
01/18/2020,Newcastle United,Chelsea,1,0,30.1,69.9,2.0,4.0,7.0,19.0,507.0,854.0,286.0,655.0,13.0,15.0,40.0,9.0,1.0,10.0,1.0,2.0,1.0,1.0,0.0,0.0,9.0,14.0
01/18/2020,Norwich City,AFC Bournemouth,1,0,66.0,34.0,5.0,3.0,16.0,6.0,820.0,493.0,635.0,316.0,13.0,19.0,11.0,21.0,4.0,5.0,0.0,3.0,2.0,2.0,1.0,1.0,10.0,10.0
01/18/2020,Southampton,Wolverhampton Wanderers,2,3,52.5,47.5,5.0,4.0,11.0,8.0,607.0,563.0,402.0,371.0,14.0,13.0,16.0,18.0,1.0,3.0,2.0,2.0,2.0,1.0,0.0,0.0,13.0,12.0
01/18/2020,Watford,Tottenham Hotspur,0,0,41.5,58.5,2.0,5.0,15.0,16.0,551.0,741.0,342.0,504.0,25.0,17.0,11.0,41.0,3.0,3.0,2.0,3.0,2.0,3.0,0.0,0.0,13.0,13.0
01/18/2020,West Ham United,Everton,1,1,48.8,51.2,6.0,3.0,12.0,11.0,645.0,659.0,435.0,459.0,16.0,20.0,17.0,19.0,7.0,6.0,3.0,1.0,1.0,0.0,0.0,0.0,11.0,13.0
01/21/2020,Aston Villa,Watford,2,1,64.5,35.5,5.0,2.0,16.0,8.0,790.0,522.0,558.0,314.0,9.0,21.0,14.0,33.0,6.0,3.0,0.0,3.0,2.0,2.0,0.0,0.0,11.0,18.0
01/21/2020,AFC Bournemouth,Brighton and Hove Albion,3,1,34.7,65.3,3.0,8.0,11.0,21.0,495.0,785.0,303.0,567.0,10.0,16.0,20.0,14.0,5.0,8.0,2.0,1.0,1.0,1.0,0.0,0.0,9.0,12.0
01/21/2020,Everton,Newcastle United,2,2,54.9,45.1,8.0,3.0,17.0,9.0,769.0,659.0,562.0,462.0,15.0,9.0,16.0,27.0,6.0,4.0,1.0,0.0,1.0,1.0,0.0,0.0,13.0,10.0
01/22/2020,Leicester City,West Ham United,4,1,67.3,32.7,8.0,2.0,19.0,6.0,771.0,456.0,569.0,273.0,17.0,9.0,10.0,24.0,7.0,8.0,2.0,1.0,1.0,1.0,0.0,0.0,10.0,19.0
01/22/2020,Manchester United,Burnley,0,2,72.2,27.8,7.0,2.0,24.0,5.0,880.0,441.0,692.0,261.0,10.0,13.0,13.0,29.0,5.0,2.0,2.0,2.0,0.0,2.0,0.0,0.0,11.0,7.0
01/21/2020,Sheffield United,Manchester City,0,1,32.7,67.3,1.0,5.0,4.0,18.0,463.0,795.0,286.0,600.0,13.0,8.0,23.0,24.0,5.0,13.0,4.0,1.0,4.0,3.0,0.0,0.0,13.0,13.0
01/23/2020,Wolverhampton Wanderers,Liverpool,1,2,46.4,53.6,3.0,6.0,10.0,13.0,678.0,755.0,505.0,594.0,11.0,11.0,7.0,20.0,2.0,4.0,2.0,0.0,0.0,1.0,0.0,0.0,6.0,11.0
01/21/2020,Chelsea,Arsenal,2,2,58.8,41.2,8.0,2.0,19.0,2.0,751.0,579.0,546.0,385.0,18.0,21.0,18.0,31.0,17.0,5.0,2.0,1.0,2.0,1.0,0.0,1.0,11.0,6.0
01/21/2020,Crystal Palace,Southampton,0,2,44.4,55.6,0.0,6.0,6.0,15.0,597.0,681.0,365.0,451.0,20.0,22.0,18.0,16.0,0.0,8.0,2.0,1.0,1.0,2.0,0.0,0.0,12.0,13.0
01/22/2020,Tottenham Hotspur,Norwich City,2,1,50.4,49.6,3.0,2.0,14.0,13.0,680.0,683.0,479.0,475.0,11.0,24.0,14.0,19.0,7.0,3.0,1.0,0.0,0.0,1.0,0.0,0.0,12.0,7.0
02/01/2020,AFC Bournemouth,Aston Villa,2,1,39.6,60.4,6.0,5.0,16.0,18.0,524.0,660.0,303.0,456.0,12.0,5.0,36.0,13.0,1.0,8.0,1.0,3.0,1.0,3.0,1.0,0.0,10.0,15.0
02/02/2020,Burnley,Arsenal,0,0,42.7,57.3,2.0,2.0,15.0,13.0,533.0,658.0,324.0,462.0,20.0,17.0,21.0,23.0,5.0,7.0,4.0,1.0,1.0,3.0,0.0,0.0,8.0,11.0
02/01/2020,Crystal Palace,Sheffield United,0,1,60.7,39.3,3.0,3.0,13.0,10.0,721.0,533.0,515.0,337.0,14.0,20.0,12.0,28.0,9.0,5.0,1.0,0.0,3.0,2.0,1.0,0.0,9.0,15.0
02/01/2020,Leicester City,Chelsea,2,2,49.7,50.3,4.0,3.0,14.0,7.0,671.0,698.0,478.0,485.0,25.0,15.0,18.0,18.0,4.0,6.0,1.0,1.0,2.0,2.0,0.0,0.0,16.0,14.0
02/01/2020,Liverpool,Southampton,4,0,61.5,38.5,9.0,4.0,16.0,17.0,728.0,539.0,530.0,321.0,14.0,18.0,23.0,26.0,6.0,11.0,2.0,5.0,0.0,2.0,0.0,0.0,9.0,15.0
02/01/2020,Manchester United,Wolverhampton Wanderers,0,0,63.7,36.3,5.0,4.0,16.0,15.0,851.0,575.0,633.0,354.0,19.0,28.0,12.0,21.0,4.0,6.0,0.0,1.0,3.0,2.0,0.0,0.0,14.0,15.0
02/01/2020,Newcastle United,Norwich City,0,0,43.4,56.6,5.0,4.0,15.0,19.0,579.0,687.0,365.0,485.0,15.0,10.0,37.0,22.0,8.0,12.0,3.0,0.0,2.0,1.0,0.0,0.0,10.0,15.0
02/02/2020,Tottenham Hotspur,Manchester City,2,0,33.1,66.9,3.0,6.0,3.0,19.0,531.0,868.0,347.0,692.0,21.0,15.0,29.0,13.0,2.0,6.0,2.0,0.0,2.0,3.0,0.0,1.0,8.0,14.0
02/01/2020,Watford,Everton,2,3,44.6,55.4,2.0,5.0,11.0,12.0,549.0,636.0,364.0,441.0,15.0,22.0,20.0,21.0,4.0,4.0,0.0,2.0,2.0,2.0,0.0,1.0,17.0,14.0
02/01/2020,West Ham United,Brighton and Hove Albion,3,3,35.1,64.9,6.0,6.0,12.0,19.0,524.0,799.0,321.0,607.0,23.0,19.0,20.0,13.0,4.0,6.0,2.0,1.0,1.0,1.0,0.0,0.0,8.0,9.0
02/16/2020,Arsenal,Newcastle United,4,0,68.4,31.6,7.0,2.0,15.0,10.0,816.0,463.0,643.0,295.0,12.0,18.0,15.0,20.0,5.0,6.0,1.0,4.0,2.0,0.0,0.0,0.0,15.0,9.0
02/16/2020,Aston Villa,Tottenham Hotspur,2,3,54.3,45.7,4.0,10.0,18.0,23.0,690.0,622.0,444.0,386.0,14.0,24.0,18.0,28.0,12.0,7.0,0.0,1.0,2.0,0.0,0.0,0.0,12.0,10.0
02/08/2020,Brighton and Hove Albion,Watford,1,1,67.2,32.8,2.0,2.0,10.0,5.0,797.0,491.0,603.0,301.0,13.0,25.0,8.0,28.0,3.0,2.0,2.0,2.0,2.0,2.0,0.0,0.0,9.0,12.0
02/17/2020,Chelsea,Manchester United,0,2,61.2,38.8,1.0,3.0,17.0,9.0,799.0,568.0,606.0,382.0,18.0,12.0,14.0,27.0,9.0,8.0,2.0,0.0,4.0,3.0,0.0,0.0,11.0,11.0
02/08/2020,Everton,Crystal Palace,3,1,46.6,53.4,8.0,2.0,14.0,10.0,594.0,642.0,358.0,420.0,20.0,15.0,22.0,20.0,4.0,6.0,1.0,2.0,0.0,1.0,0.0,0.0,11.0,12.0
02/19/2020,Manchester City,West Ham United,2,0,77.3,22.7,7.0,0.0,20.0,3.0,1070.0,433.0,896.0,254.0,11.0,15.0,12.0,36.0,6.0,1.0,1.0,3.0,0.0,1.0,0.0,0.0,5.0,7.0
02/15/2020,Norwich City,Liverpool,0,1,36.7,63.3,1.0,6.0,5.0,17.0,571.0,801.0,373.0,624.0,17.0,16.0,33.0,7.0,2.0,7.0,1.0,0.0,1.0,2.0,0.0,0.0,5.0,11.0
02/09/2020,Sheffield United,AFC Bournemouth,2,1,54.3,45.7,6.0,2.0,16.0,10.0,666.0,613.0,449.0,391.0,17.0,10.0,20.0,47.0,8.0,4.0,0.0,1.0,2.0,3.0,0.0,0.0,10.0,8.0
02/15/2020,Southampton,Burnley,1,2,63.6,36.4,2.0,6.0,10.0,9.0,731.0,509.0,518.0,297.0,11.0,18.0,10.0,30.0,4.0,3.0,1.0,3.0,2.0,2.0,0.0,0.0,8.0,11.0
02/14/2020,Wolverhampton Wanderers,Leicester City,0,0,40.8,59.2,3.0,3.0,15.0,9.0,557.0,698.0,328.0,493.0,18.0,21.0,15.0,17.0,7.0,0.0,2.0,0.0,2.0,2.0,0.0,1.0,13.0,10.0
02/23/2020,Arsenal,Everton,3,2,51.3,48.7,4.0,5.0,9.0,17.0,666.0,632.0,491.0,455.0,13.0,21.0,16.0,8.0,6.0,3.0,2.0,2.0,0.0,4.0,0.0,0.0,12.0,12.0
02/22/2020,Burnley,AFC Bournemouth,3,0,42.1,57.9,10.0,4.0,16.0,12.0,503.0,639.0,306.0,430.0,22.0,12.0,18.0,33.0,7.0,3.0,1.0,1.0,4.0,3.0,0.0,0.0,9.0,9.0
02/22/2020,Chelsea,Tottenham Hotspur,2,1,49.1,50.9,7.0,3.0,17.0,5.0,772.0,794.0,551.0,572.0,26.0,24.0,13.0,15.0,3.0,5.0,1.0,0.0,1.0,2.0,0.0,0.0,14.0,14.0
02/22/2020,Crystal Palace,Newcastle United,1,0,44.2,55.8,9.0,2.0,18.0,8.0,585.0,655.0,356.0,447.0,22.0,16.0,15.0,15.0,7.0,5.0,0.0,3.0,2.0,6.0,0.0,1.0,15.0,11.0
02/22/2020,Leicester City,Manchester City,0,1,31.9,68.1,3.0,7.0,10.0,18.0,515.0,871.0,311.0,677.0,14.0,15.0,21.0,14.0,3.0,7.0,1.0,1.0,0.0,0.0,0.0,0.0,14.0,10.0
02/24/2020,Liverpool,West Ham United,3,2,69.3,30.7,7.0,4.0,25.0,7.0,861.0,495.0,626.0,269.0,23.0,19.0,19.0,43.0,16.0,8.0,2.0,2.0,0.0,3.0,0.0,0.0,4.0,10.0
02/23/2020,Manchester United,Watford,3,0,58.0,42.0,9.0,2.0,21.0,7.0,789.0,601.0,597.0,420.0,21.0,16.0,15.0,6.0,3.0,5.0,1.0,1.0,0.0,1.0,0.0,0.0,6.0,15.0
02/22/2020,Sheffield United,Brighton and Hove Albion,1,1,66.3,33.7,3.0,2.0,13.0,9.0,782.0,523.0,532.0,285.0,15.0,15.0,7.0,56.0,12.0,2.0,3.0,2.0,0.0,2.0,0.0,0.0,5.0,6.0
02/22/2020,Southampton,Aston Villa,2,0,45.9,54.1,9.0,1.0,28.0,4.0,552.0,607.0,341.0,398.0,17.0,13.0,15.0,25.0,9.0,6.0,0.0,2.0,1.0,4.0,0.0,0.0,13.0,17.0
02/23/2020,Wolverhampton Wanderers,Norwich City,3,0,39.8,60.2,6.0,4.0,19.0,6.0,592.0,779.0,378.0,588.0,32.0,16.0,12.0,10.0,4.0,1.0,1.0,0.0,2.0,3.0,0.0,0.0,11.0,6.0
06/17/2020,Aston Villa,Sheffield United,0,0,45.1,54.9,6.0,1.0,14.0,5.0,575.0,648.0,382.0,483.0,8.0,18.0,17.0,17.0,12.0,4.0,1.0,0.0,1.0,1.0,0.0,0.0,11.0,14.0
02/29/2020,AFC Bournemouth,Chelsea,2,2,26.9,73.1,5.0,6.0,9.0,23.0,515.0,1022.0,301.0,808.0,8.0,18.0,49.0,19.0,4.0,14.0,1.0,2.0,2.0,2.0,0.0,0.0,8.0,5.0
02/29/2020,Brighton and Hove Albion,Crystal Palace,0,1,66.5,33.5,8.0,3.0,23.0,12.0,778.0,506.0,538.0,273.0,26.0,23.0,15.0,32.0,8.0,7.0,1.0,3.0,2.0,1.0,0.0,0.0,8.0,9.0
03/01/2020,Everton,Manchester United,1,1,44.1,55.9,5.0,5.0,16.0,14.0,551.0,640.0,327.0,431.0,14.0,16.0,19.0,27.0,13.0,8.0,3.0,1.0,3.0,4.0,0.0,0.0,11.0,11.0
06/17/2020,Manchester City,Arsenal,3,0,67.1,32.9,12.0,0.0,20.0,3.0,834.0,466.0,692.0,333.0,7.0,15.0,6.0,11.0,5.0,2.0,1.0,5.0,1.0,1.0,0.0,1.0,9.0,7.0
02/29/2020,Newcastle United,Burnley,0,0,54.0,46.0,4.0,0.0,21.0,7.0,576.0,533.0,376.0,323.0,19.0,14.0,18.0,20.0,11.0,7.0,2.0,2.0,4.0,3.0,0.0,0.0,11.0,9.0
02/28/2020,Norwich City,Leicester City,1,0,42.6,57.4,6.0,4.0,11.0,19.0,560.0,667.0,344.0,468.0,22.0,15.0,23.0,10.0,6.0,7.0,2.0,0.0,1.0,2.0,0.0,0.0,13.0,16.0
03/01/2020,Tottenham Hotspur,Wolverhampton Wanderers,2,3,65.5,34.5,5.0,4.0,13.0,14.0,824.0,535.0,621.0,322.0,22.0,25.0,19.0,28.0,4.0,5.0,0.0,0.0,3.0,2.0,0.0,0.0,12.0,14.0
02/29/2020,Watford,Liverpool,3,0,29.2,70.8,5.0,1.0,14.0,7.0,485.0,893.0,299.0,732.0,13.0,8.0,41.0,13.0,3.0,5.0,5.0,1.0,0.0,0.0,0.0,0.0,4.0,8.0
02/29/2020,West Ham United,Southampton,3,1,33.7,66.3,7.0,2.0,14.0,10.0,481.0,737.0,257.0,521.0,16.0,17.0,35.0,20.0,4.0,9.0,0.0,1.0,1.0,1.0,0.0,0.0,8.0,11.0
03/07/2020,Arsenal,West Ham United,1,0,68.9,31.1,2.0,6.0,9.0,14.0,799.0,448.0,621.0,264.0,13.0,11.0,28.0,18.0,6.0,7.0,2.0,2.0,1.0,2.0,0.0,0.0,11.0,9.0
03/07/2020,Burnley,Tottenham Hotspur,1,1,45.0,55.0,8.0,2.0,21.0,13.0,623.0,692.0,378.0,479.0,24.0,14.0,21.0,36.0,3.0,5.0,2.0,0.0,5.0,4.0,0.0,0.0,16.0,11.0
03/08/2020,Chelsea,Everton,4,0,60.2,39.8,11.0,1.0,17.0,3.0,823.0,571.0,646.0,415.0,13.0,15.0,12.0,11.0,6.0,1.0,0.0,1.0,1.0,2.0,0.0,0.0,8.0,10.0
03/07/2020,Crystal Palace,Watford,1,0,44.2,55.8,3.0,3.0,10.0,10.0,604.0,665.0,371.0,464.0,21.0,22.0,33.0,18.0,8.0,8.0,2.0,1.0,4.0,4.0,0.0,0.0,12.0,16.0
03/09/2020,Leicester City,Aston Villa,4,0,64.6,35.4,7.0,1.0,15.0,4.0,757.0,510.0,543.0,301.0,24.0,23.0,12.0,22.0,9.0,0.0,3.0,2.0,2.0,1.0,0.0,0.0,15.0,12.0
03/07/2020,Liverpool,AFC Bournemouth,2,1,74.5,25.5,6.0,4.0,14.0,6.0,917.0,419.0,729.0,246.0,7.0,9.0,20.0,43.0,9.0,4.0,1.0,5.0,0.0,1.0,0.0,0.0,10.0,12.0
03/08/2020,Manchester United,Manchester City,2,0,27.7,72.3,6.0,4.0,12.0,7.0,488.0,948.0,294.0,761.0,19.0,15.0,33.0,8.0,2.0,11.0,1.0,2.0,2.0,4.0,0.0,0.0,11.0,9.0
03/07/2020,Sheffield United,Norwich City,1,0,41.8,58.2,4.0,5.0,10.0,12.0,576.0,736.0,359.0,519.0,14.0,18.0,31.0,27.0,10.0,5.0,1.0,3.0,0.0,0.0,0.0,0.0,12.0,8.0
03/07/2020,Southampton,Newcastle United,0,1,38.0,62.0,3.0,7.0,6.0,14.0,502.0,696.0,298.0,500.0,19.0,15.0,18.0,18.0,5.0,8.0,0.0,2.0,0.0,3.0,1.0,0.0,14.0,15.0
03/07/2020,Wolverhampton Wanderers,Brighton and Hove Albion,0,0,43.1,56.9,1.0,1.0,11.0,7.0,668.0,821.0,458.0,606.0,22.0,23.0,14.0,21.0,2.0,0.0,0.0,0.0,1.0,3.0,0.0,0.0,4.0,7.0
06/21/2020,Aston Villa,Chelsea,1,2,26.0,74.0,4.0,5.0,8.0,19.0,412.0,859.0,246.0,692.0,8.0,7.0,31.0,11.0,2.0,10.0,0.0,0.0,2.0,1.0,0.0,0.0,9.0,17.0
06/20/2020,AFC Bournemouth,Crystal Palace,0,2,58.7,41.3,1.0,2.0,12.0,7.0,680.0,541.0,494.0,350.0,18.0,26.0,8.0,20.0,11.0,4.0,2.0,3.0,3.0,2.0,0.0,0.0,13.0,15.0
06/20/2020,Brighton and Hove Albion,Arsenal,2,1,41.3,58.7,5.0,6.0,9.0,13.0,495.0,665.0,325.0,476.0,22.0,8.0,23.0,25.0,10.0,7.0,0.0,4.0,2.0,1.0,0.0,0.0,13.0,8.0
06/21/2020,Everton,Liverpool,0,0,29.9,70.1,3.0,3.0,8.0,10.0,426.0,767.0,256.0,594.0,20.0,16.0,26.0,3.0,1.0,6.0,2.0,1.0,2.0,2.0,0.0,0.0,15.0,12.0
06/22/2020,Manchester City,Burnley,5,0,71.7,28.3,7.0,0.0,19.0,1.0,938.0,434.0,816.0,322.0,12.0,11.0,8.0,12.0,3.0,1.0,1.0,2.0,1.0,1.0,0.0,0.0,8.0,7.0
06/21/2020,Newcastle United,Sheffield United,3,0,46.0,54.0,8.0,1.0,12.0,7.0,603.0,664.0,442.0,509.0,11.0,16.0,12.0,12.0,2.0,4.0,3.0,1.0,2.0,0.0,0.0,1.0,9.0,10.0
06/19/2020,Norwich City,Southampton,0,3,55.0,45.0,1.0,9.0,9.0,22.0,616.0,552.0,406.0,333.0,19.0,24.0,15.0,16.0,9.0,7.0,3.0,1.0,1.0,1.0,0.0,0.0,9.0,15.0
06/19/2020,Tottenham Hotspur,Manchester United,1,1,38.8,61.2,3.0,6.0,10.0,12.0,566.0,791.0,365.0,586.0,14.0,16.0,30.0,18.0,7.0,6.0,1.0,3.0,0.0,1.0,0.0,0.0,17.0,18.0
06/20/2020,Watford,Leicester City,1,1,31.7,68.3,4.0,2.0,8.0,15.0,459.0,760.0,254.0,555.0,13.0,27.0,22.0,25.0,2.0,7.0,0.0,3.0,0.0,1.0,0.0,0.0,15.0,12.0
06/20/2020,West Ham United,Wolverhampton Wanderers,0,2,42.2,57.8,2.0,6.0,7.0,10.0,536.0,695.0,357.0,506.0,15.0,18.0,16.0,18.0,5.0,7.0,0.0,1.0,1.0,1.0,0.0,0.0,8.0,7.0
06/25/2020,Burnley,Watford,1,0,55.2,44.8,5.0,4.0,9.0,10.0,610.0,500.0,424.0,329.0,11.0,16.0,36.0,13.0,1.0,7.0,3.0,0.0,1.0,0.0,0.0,0.0,13.0,15.0
06/25/2020,Chelsea,Manchester City,2,1,35.3,64.7,10.0,2.0,15.0,11.0,517.0,875.0,382.0,713.0,13.0,7.0,20.0,8.0,5.0,7.0,3.0,1.0,1.0,1.0,0.0,1.0,13.0,3.0
06/23/2020,Leicester City,Brighton and Hove Albion,0,0,66.4,33.6,2.0,2.0,11.0,10.0,783.0,487.0,588.0,294.0,16.0,21.0,20.0,25.0,6.0,7.0,0.0,0.0,2.0,2.0,0.0,0.0,10.0,13.0
06/24/2020,Liverpool,Crystal Palace,4,0,73.3,26.7,7.0,0.0,21.0,3.0,1051.0,509.0,886.0,330.0,17.0,20.0,1.0,37.0,6.0,0.0,0.0,1.0,0.0,0.0,0.0,0.0,7.0,5.0
06/24/2020,Manchester United,Sheffield United,3,0,68.2,31.8,6.0,1.0,15.0,4.0,891.0,486.0,748.0,338.0,7.0,15.0,18.0,18.0,10.0,5.0,1.0,2.0,1.0,0.0,0.0,0.0,10.0,6.0
06/24/2020,Newcastle United,Aston Villa,1,1,52.1,47.9,3.0,2.0,13.0,14.0,595.0,541.0,416.0,369.0,6.0,5.0,32.0,18.0,6.0,9.0,1.0,0.0,2.0,2.0,0.0,0.0,15.0,13.0
06/24/2020,Norwich City,Everton,0,1,46.6,53.4,1.0,5.0,9.0,12.0,629.0,689.0,432.0,495.0,15.0,20.0,24.0,22.0,6.0,5.0,1.0,1.0,0.0,1.0,0.0,0.0,8.0,13.0
06/25/2020,Southampton,Arsenal,0,2,52.6,47.4,3.0,5.0,12.0,10.0,608.0,566.0,435.0,398.0,17.0,10.0,8.0,19.0,4.0,6.0,2.0,1.0,0.0,2.0,1.0,0.0,10.0,14.0
06/23/2020,Tottenham Hotspur,West Ham United,2,0,64.5,35.5,4.0,2.0,15.0,10.0,826.0,533.0,662.0,361.0,9.0,21.0,10.0,24.0,9.0,4.0,3.0,2.0,2.0,2.0,0.0,0.0,12.0,7.0
06/24/2020,Wolverhampton Wanderers,AFC Bournemouth,1,0,55.1,44.9,2.0,0.0,10.0,4.0,613.0,519.0,425.0,347.0,14.0,17.0,24.0,15.0,6.0,4.0,2.0,2.0,3.0,3.0,0.0,0.0,11.0,11.0
07/01/2020,Arsenal,Norwich City,4,0,51.6,48.4,8.0,2.0,13.0,8.0,626.0,601.0,468.0,445.0,12.0,19.0,11.0,18.0,6.0,2.0,0.0,2.0,1.0,4.0,0.0,0.0,10.0,10.0
06/27/2020,Aston Villa,Wolverhampton Wanderers,0,1,48.0,52.0,1.0,2.0,11.0,9.0,568.0,601.0,423.0,464.0,8.0,10.0,9.0,9.0,2.0,2.0,0.0,2.0,1.0,1.0,0.0,0.0,16.0,16.0
07/01/2020,AFC Bournemouth,Newcastle United,1,4,54.9,45.1,1.0,7.0,12.0,12.0,662.0,571.0,493.0,420.0,16.0,16.0,7.0,13.0,6.0,3.0,2.0,1.0,2.0,0.0,0.0,0.0,11.0,10.0
06/30/2020,Brighton and Hove Albion,Manchester United,0,3,38.0,62.0,2.0,6.0,8.0,12.0,529.0,780.0,375.0,629.0,13.0,16.0,13.0,12.0,4.0,5.0,2.0,2.0,0.0,1.0,0.0,0.0,10.0,9.0
06/29/2020,Crystal Palace,Burnley,0,1,58.4,41.6,4.0,4.0,17.0,8.0,678.0,545.0,479.0,354.0,13.0,16.0,13.0,35.0,9.0,1.0,0.0,0.0,1.0,1.0,0.0,0.0,12.0,13.0
07/01/2020,Everton,Leicester City,2,1,34.9,65.1,2.0,3.0,7.0,15.0,524.0,796.0,331.0,596.0,20.0,15.0,34.0,9.0,3.0,5.0,0.0,1.0,1.0,1.0,0.0,0.0,13.0,10.0
07/02/2020,Manchester City,Liverpool,4,0,47.0,53.0,6.0,3.0,14.0,11.0,662.0,709.0,490.0,551.0,10.0,13.0,19.0,8.0,3.0,3.0,3.0,2.0,2.0,2.0,0.0,0.0,8.0,7.0
07/02/2020,Sheffield United,Tottenham Hotspur,3,1,32.5,67.5,5.0,2.0,7.0,9.0,494.0,826.0,312.0,637.0,18.0,14.0,28.0,10.0,1.0,6.0,2.0,1.0,2.0,0.0,0.0,0.0,13.0,13.0
06/28/2020,Watford,Southampton,1,3,47.6,52.4,0.0,7.0,8.0,11.0,587.0,663.0,396.0,460.0,13.0,20.0,10.0,28.0,5.0,3.0,1.0,1.0,3.0,0.0,0.0,0.0,18.0,9.0
07/01/2020,West Ham United,Chelsea,3,2,28.8,71.2,4.0,6.0,10.0,17.0,442.0,845.0,273.0,658.0,16.0,19.0,29.0,9.0,2.0,3.0,2.0,2.0,2.0,1.0,0.0,0.0,10.0,9.0
07/05/2020,Burnley,Sheffield United,1,1,47.4,52.6,4.0,3.0,9.0,10.0,606.0,625.0,404.0,441.0,9.0,12.0,36.0,17.0,3.0,9.0,2.0,1.0,0.0,0.0,0.0,0.0,8.0,14.0
07/04/2020,Chelsea,Watford,3,0,70.4,29.6,9.0,3.0,21.0,7.0,923.0,480.0,731.0,300.0,13.0,24.0,18.0,21.0,5.0,3.0,1.0,2.0,0.0,2.0,0.0,0.0,9.0,12.0
07/04/2020,Leicester City,Crystal Palace,3,0,0.0,0.0,0.0,0.0,0.0,0.0,0.0,0.0,0.0,0.0,0.0,0.0,0.0,0.0,0.0,0.0,0.0,0.0,0.0,0.0,0.0,0.0,0.0,0.0
07/05/2020,Liverpool,Aston Villa,2,0,71.2,28.8,4.0,3.0,6.0,9.0,830.0,457.0,672.0,263.0,7.0,8.0,18.0,26.0,7.0,5.0,1.0,5.0,1.0,1.0,0.0,0.0,18.0,8.0
07/04/2020,Manchester United,AFC Bournemouth,5,2,69.3,30.7,10.0,3.0,19.0,7.0,812.0,439.0,648.0,283.0,16.0,10.0,9.0,17.0,8.0,3.0,4.0,4.0,0.0,1.0,0.0,0.0,3.0,12.0
07/05/2020,Newcastle United,West Ham United,2,2,57.4,42.6,4.0,7.0,11.0,17.0,704.0,563.0,516.0,379.0,22.0,18.0,20.0,14.0,6.0,4.0,1.0,1.0,1.0,0.0,0.0,0.0,9.0,11.0
07/04/2020,Norwich City,Brighton and Hove Albion,0,1,58.0,42.0,1.0,2.0,12.0,8.0,763.0,594.0,587.0,418.0,14.0,11.0,19.0,17.0,0.0,2.0,4.0,0.0,2.0,2.0,0.0,0.0,11.0,13.0
07/05/2020,Southampton,Manchester City,1,0,26.3,73.7,4.0,6.0,8.0,26.0,519.0,1022.0,297.0,808.0,20.0,16.0,57.0,12.0,2.0,13.0,3.0,3.0,1.0,2.0,0.0,0.0,6.0,7.0
07/06/2020,Tottenham Hotspur,Everton,1,0,51.6,48.4,2.0,3.0,12.0,11.0,630.0,587.0,448.0,413.0,13.0,10.0,23.0,22.0,5.0,6.0,2.0,2.0,3.0,2.0,0.0,0.0,14.0,18.0
07/04/2020,Wolverhampton Wanderers,Arsenal,0,2,51.9,48.1,1.0,5.0,10.0,8.0,692.0,651.0,516.0,482.0,13.0,29.0,9.0,25.0,3.0,5.0,1.0,0.0,2.0,4.0,0.0,0.0,6.0,11.0
07/07/2020,Arsenal,Leicester City,1,1,37.5,62.5,7.0,5.0,11.0,13.0,518.0,733.0,323.0,558.0,6.0,17.0,13.0,20.0,10.0,1.0,4.0,1.0,1.0,0.0,1.0,0.0,10.0,14.0
07/09/2020,Aston Villa,Manchester United,0,3,33.4,66.6,1.0,6.0,9.0,14.0,473.0,789.0,310.0,637.0,9.0,11.0,16.0,11.0,3.0,5.0,2.0,1.0,2.0,3.0,0.0,0.0,7.0,13.0
07/09/2020,AFC Bournemouth,Tottenham Hotspur,0,0,35.7,64.3,2.0,0.0,9.0,9.0,478.0,715.0,271.0,499.0,15.0,21.0,26.0,38.0,8.0,12.0,1.0,0.0,3.0,2.0,0.0,0.0,11.0,14.0
07/08/2020,Brighton and Hove Albion,Liverpool,1,3,44.4,55.6,2.0,8.0,12.0,20.0,594.0,667.0,381.0,477.0,12.0,11.0,39.0,18.0,6.0,10.0,5.0,0.0,1.0,4.0,0.0,0.0,7.0,15.0
07/07/2020,Crystal Palace,Chelsea,2,3,42.0,58.0,4.0,6.0,13.0,14.0,609.0,764.0,381.0,538.0,19.0,21.0,19.0,23.0,7.0,9.0,1.0,0.0,1.0,0.0,0.0,0.0,11.0,10.0
07/09/2020,Everton,Southampton,1,1,38.7,61.3,4.0,4.0,11.0,16.0,522.0,697.0,330.0,518.0,12.0,13.0,26.0,12.0,3.0,5.0,3.0,2.0,3.0,3.0,0.0,0.0,13.0,14.0
07/08/2020,Manchester City,Newcastle United,5,0,73.6,26.4,9.0,1.0,23.0,6.0,1000.0,450.0,843.0,296.0,5.0,15.0,11.0,14.0,8.0,1.0,2.0,0.0,0.0,0.0,0.0,0.0,13.0,7.0
07/08/2020,Sheffield United,Wolverhampton Wanderers,1,0,42.8,57.2,3.0,1.0,7.0,6.0,563.0,731.0,382.0,545.0,16.0,13.0,15.0,27.0,6.0,1.0,3.0,0.0,2.0,0.0,0.0,0.0,5.0,6.0
07/07/2020,Watford,Norwich City,2,1,43.5,56.5,4.0,3.0,9.0,12.0,564.0,705.0,375.0,504.0,21.0,19.0,8.0,30.0,4.0,3.0,0.0,0.0,2.0,4.0,0.0,0.0,11.0,15.0
07/08/2020,West Ham United,Burnley,0,1,53.2,46.8,5.0,4.0,21.0,8.0,637.0,619.0,427.0,395.0,19.0,17.0,16.0,45.0,10.0,3.0,0.0,5.0,1.0,1.0,0.0,0.0,7.0,7.0
07/12/2020,Aston Villa,Crystal Palace,2,0,44.9,55.1,9.0,5.0,12.0,9.0,494.0,590.0,314.0,386.0,12.0,15.0,12.0,15.0,5.0,1.0,1.0,0.0,2.0,4.0,0.0,1.0,21.0,21.0
07/12/2020,AFC Bournemouth,Leicester City,4,1,44.1,55.9,4.0,5.0,9.0,13.0,611.0,729.0,424.0,545.0,6.0,17.0,20.0,13.0,2.0,6.0,4.0,1.0,2.0,1.0,0.0,1.0,11.0,12.0
07/11/2020,Brighton and Hove Albion,Manchester City,0,5,29.8,70.2,0.0,8.0,3.0,26.0,476.0,975.0,335.0,799.0,12.0,16.0,15.0,9.0,2.0,7.0,6.0,1.0,1.0,0.0,0.0,0.0,7.0,3.0
07/11/2020,Liverpool,Burnley,1,1,70.8,29.2,9.0,2.0,23.0,6.0,857.0,436.0,659.0,265.0,10.0,11.0,17.0,36.0,11.0,6.0,2.0,3.0,1.0,2.0,0.0,0.0,7.0,4.0
07/13/2020,Manchester United,Southampton,2,2,47.5,52.5,4.0,5.0,8.0,9.0,654.0,684.0,463.0,510.0,13.0,10.0,20.0,16.0,4.0,6.0,1.0,0.0,1.0,3.0,0.0,0.0,14.0,15.0
07/11/2020,Norwich City,West Ham United,0,4,52.5,47.5,2.0,7.0,11.0,19.0,695.0,633.0,542.0,478.0,16.0,12.0,16.0,8.0,1.0,6.0,1.0,0.0,1.0,0.0,0.0,0.0,9.0,8.0
07/11/2020,Sheffield United,Chelsea,3,0,23.7,76.3,4.0,4.0,9.0,15.0,408.0,981.0,251.0,809.0,7.0,8.0,37.0,12.0,4.0,6.0,1.0,0.0,1.0,0.0,0.0,0.0,8.0,6.0
07/12/2020,Tottenham Hotspur,Arsenal,2,1,37.3,62.7,9.0,4.0,15.0,13.0,542.0,808.0,378.0,636.0,22.0,12.0,21.0,13.0,6.0,5.0,2.0,0.0,5.0,3.0,0.0,0.0,16.0,11.0
07/11/2020,Watford,Newcastle United,2,1,47.7,52.3,5.0,4.0,17.0,8.0,488.0,531.0,316.0,353.0,12.0,13.0,10.0,21.0,2.0,4.0,3.0,3.0,1.0,4.0,0.0,0.0,23.0,15.0
07/12/2020,Wolverhampton Wanderers,Everton,3,0,55.1,44.9,7.0,2.0,14.0,6.0,717.0,595.0,564.0,450.0,9.0,10.0,11.0,13.0,5.0,2.0,1.0,0.0,0.0,2.0,0.0,0.0,9.0,9.0
07/15/2020,Arsenal,Liverpool,2,1,31.1,68.9,2.0,8.0,3.0,24.0,456.0,816.0,286.0,614.0,21.0,12.0,24.0,3.0,2.0,13.0,5.0,4.0,3.0,1.0,0.0,0.0,14.0,10.0
07/15/2020,Burnley,Wolverhampton Wanderers,1,1,46.7,53.3,1.0,5.0,9.0,14.0,522.0,598.0,359.0,413.0,12.0,9.0,21.0,20.0,3.0,8.0,1.0,1.0,0.0,0.0,0.0,0.0,10.0,8.0
07/14/2020,Chelsea,Norwich City,1,0,0.0,0.0,0.0,0.0,0.0,0.0,0.0,0.0,0.0,0.0,0.0,0.0,0.0,0.0,0.0,0.0,0.0,0.0,0.0,0.0,0.0,0.0,0.0,0.0
07/16/2020,Crystal Palace,Manchester United,0,2,40.6,59.4,5.0,5.0,13.0,17.0,626.0,827.0,428.0,625.0,26.0,14.0,18.0,13.0,2.0,7.0,1.0,0.0,1.0,2.0,0.0,0.0,10.0,15.0
07/16/2020,Everton,Aston Villa,1,1,54.9,45.1,1.0,1.0,9.0,15.0,622.0,527.0,443.0,362.0,10.0,9.0,20.0,14.0,5.0,5.0,0.0,0.0,2.0,1.0,0.0,0.0,15.0,13.0
07/16/2020,Leicester City,Sheffield United,2,0,54.4,45.6,7.0,1.0,15.0,5.0,658.0,586.0,472.0,401.0,18.0,10.0,24.0,24.0,9.0,5.0,3.0,4.0,1.0,2.0,0.0,0.0,12.0,10.0
07/15/2020,Manchester City,AFC Bournemouth,2,1,72.5,27.5,4.0,3.0,8.0,15.0,923.0,435.0,756.0,275.0,15.0,9.0,25.0,10.0,3.0,5.0,2.0,2.0,1.0,1.0,0.0,0.0,10.0,10.0
07/15/2020,Newcastle United,Tottenham Hotspur,1,3,52.8,47.2,6.0,5.0,22.0,8.0,662.0,623.0,503.0,456.0,14.0,14.0,9.0,21.0,5.0,4.0,0.0,1.0,2.0,3.0,0.0,0.0,6.0,13.0
07/16/2020,Southampton,Brighton and Hove Albion,1,1,67.9,32.1,6.0,2.0,21.0,10.0,787.0,465.0,597.0,281.0,15.0,18.0,8.0,21.0,8.0,2.0,1.0,2.0,1.0,0.0,0.0,0.0,6.0,10.0
07/17/2020,West Ham United,Watford,3,1,40.6,59.4,4.0,3.0,10.0,14.0,497.0,652.0,297.0,439.0,13.0,16.0,28.0,18.0,9.0,3.0,1.0,2.0,0.0,2.0,0.0,0.0,11.0,11.0
07/21/2020,Aston Villa,Arsenal,1,0,0.0,0.0,0.0,0.0,0.0,0.0,0.0,0.0,0.0,0.0,0.0,0.0,0.0,0.0,0.0,0.0,0.0,0.0,0.0,0.0,0.0,0.0,0.0,0.0
07/19/2020,AFC Bournemouth,Southampton,0,2,43.0,57.0,3.0,8.0,11.0,16.0,506.0,634.0,288.0,407.0,17.0,22.0,11.0,47.0,12.0,6.0,2.0,1.0,2.0,2.0,0.0,0.0,12.0,11.0
07/20/2020,Brighton and Hove Albion,Newcastle United,0,0,62.5,37.5,3.0,1.0,11.0,12.0,725.0,497.0,542.0,315.0,12.0,15.0,19.0,23.0,9.0,7.0,1.0,1.0,4.0,2.0,0.0,0.0,13.0,12.0
07/22/2020,Liverpool,Chelsea,5,3,50.0,50.0,7.0,5.0,10.0,10.0,749.0,752.0,584.0,575.0,19.0,9.0,14.0,15.0,6.0,0.0,0.0,3.0,1.0,0.0,0.0,0.0,8.0,11.0
07/22/2020,Manchester United,West Ham United,1,1,57.2,42.8,4.0,3.0,11.0,12.0,775.0,613.0,609.0,441.0,9.0,20.0,8.0,18.0,2.0,3.0,3.0,1.0,3.0,1.0,0.0,0.0,10.0,9.0
07/18/2020,Norwich City,Burnley,0,2,42.3,57.7,2.0,8.0,6.0,23.0,516.0,638.0,354.0,468.0,6.0,13.0,23.0,8.0,6.0,8.0,1.0,1.0,0.0,0.0,2.0,0.0,9.0,16.0
07/20/2020,Sheffield United,Everton,0,1,50.6,49.4,0.0,2.0,8.0,5.0,651.0,660.0,468.0,472.0,17.0,10.0,12.0,29.0,7.0,1.0,1.0,2.0,1.0,3.0,0.0,0.0,11.0,19.0
07/19/2020,Tottenham Hotspur,Leicester City,3,0,29.0,71.0,3.0,6.0,7.0,24.0,465.0,893.0,285.0,697.0,17.0,12.0,30.0,7.0,4.0,13.0,4.0,0.0,2.0,1.0,0.0,0.0,15.0,10.0
07/21/2020,Watford,Manchester City,0,4,23.1,76.9,0.0,10.0,2.0,26.0,410.0,941.0,232.0,764.0,18.0,22.0,21.0,11.0,0.0,8.0,4.0,3.0,2.0,0.0,0.0,0.0,14.0,11.0
07/20/2020,Wolverhampton Wanderers,Crystal Palace,2,0,53.4,46.6,5.0,3.0,11.0,7.0,651.0,594.0,465.0,404.0,18.0,13.0,14.0,18.0,5.0,2.0,0.0,1.0,2.0,1.0,0.0,0.0,11.0,15.0
07/26/2020,Arsenal,Watford,3,2,51.1,48.9,5.0,6.0,13.0,19.0,626.0,589.0,442.0,398.0,14.0,7.0,25.0,6.0,4.0,8.0,1.0,3.0,3.0,3.0,0.0,0.0,9.0,12.0
07/26/2020,Burnley,Brighton and Hove Albion,1,2,54.2,45.8,2.0,4.0,13.0,15.0,561.0,520.0,378.0,334.0,20.0,6.0,3.0,31.0,6.0,7.0,3.0,2.0,3.0,0.0,0.0,0.0,11.0,11.0
07/26/2020,Chelsea,Wolverhampton Wanderers,2,0,62.9,37.1,3.0,1.0,11.0,5.0,833.0,561.0,629.0,370.0,30.0,22.0,14.0,6.0,3.0,3.0,3.0,1.0,2.0,3.0,0.0,0.0,10.0,16.0
07/26/2020,Crystal Palace,Tottenham Hotspur,1,1,47.2,52.8,2.0,2.0,13.0,7.0,637.0,693.0,422.0,489.0,22.0,26.0,11.0,17.0,7.0,2.0,1.0,0.0,3.0,2.0,0.0,0.0,11.0,13.0
07/26/2020,Everton,AFC Bournemouth,1,3,70.0,30.0,5.0,7.0,13.0,13.0,916.0,507.0,687.0,282.0,26.0,18.0,23.0,12.0,2.0,5.0,0.0,1.0,1.0,0.0,0.0,0.0,11.0,9.0
07/26/2020,Leicester City,Manchester United,0,2,45.8,54.2,3.0,3.0,14.0,7.0,623.0,681.0,425.0,518.0,23.0,21.0,12.0,8.0,3.0,3.0,2.0,2.0,1.0,5.0,1.0,0.0,12.0,11.0
07/26/2020,Manchester City,Norwich City,5,0,73.1,26.9,10.0,4.0,31.0,5.0,900.0,415.0,722.0,268.0,12.0,14.0,5.0,26.0,9.0,0.0,0.0,2.0,1.0,1.0,0.0,0.0,7.0,4.0
07/26/2020,Newcastle United,Liverpool,1,3,25.3,74.7,2.0,6.0,3.0,14.0,428.0,981.0,267.0,792.0,23.0,12.0,23.0,8.0,2.0,4.0,3.0,1.0,1.0,0.0,0.0,0.0,11.0,5.0
07/26/2020,Southampton,Sheffield United,3,1,72.1,27.9,4.0,3.0,13.0,5.0,864.0,417.0,684.0,260.0,11.0,12.0,8.0,34.0,9.0,1.0,2.0,2.0,0.0,1.0,0.0,0.0,9.0,16.0
07/26/2020,West Ham United,Aston Villa,1,1,63.0,37.0,1.0,4.0,10.0,13.0,655.0,444.0,480.0,277.0,15.0,13.0,26.0,11.0,0.0,7.0,0.0,1.0,2.0,1.0,0.0,0.0,16.0,13.0
